-4.9,-4.8,-4.7,-4.6,-4.5,-4.3,-4.2,-4.1,-4.0,-3.9,-3.8,-3.7,-3.6,-3.5,-3.4,-3.3,-3.2,-3.1,-3.0,-2.9,-2.8,-2.7,-2.6,-2.5,-2.4,-2.3,-2.2,-2.1,-2.0,-1.9,-1.8,-1.7,-1.6,-1.5,-1.4,-1.3,-1.2,-1.1,-1.0,-0.9,-0.8,-0.7,-0.6,-0.5,-0.4,-0.3,-0.2,-0.1,-0.0,0.1,0.2,0.3,0.4,0.5,0.6,0.7,0.8,0.9,1.0,1.1,1.2,1.3,1.4,1.5,1.6,1.7,1.8,1.9,2.0,2.1,2.2,2.3,2.4,2.5,2.6,2.7,2.8,2.9,3.0,3.1,3.2,3.3,3.4,3.5,3.6,3.7,3.8,3.9,4.0,4.1,4.2,4.5,4.6,4.7,4.8,4.9
0%,0%,0%,0%,0%,0%,0%,0%,0%,0%,0%,0%,0%,0%,0%,0%,0%,0%,0%,0%,0%,0%,0%,0%,0%,0%,0%,0%,0%,0%,0%,0%,0%,0%,0%,0%,0%,0%,0%,0%,0%,0%,0%,0%,0%,0%,0%,0%,0%,0%,0%,0%,0%,0%,0%,0%,0%,0%,0%,0%,0%,0%,0%,0%,0%,0%,0%,0%,0%,0%,0%,0%,0%,0%,0%,0%,0%,0%,0%,0%,0%,0%,0%,0%,0%,0%,0%,0%,0%,0%,0%,0%,0%,0%,0%,0%
,0%,,0%,,,100%,,100%,0%,0%,0%,0%,0%,0%,0%,100%,0%,0%,0%,0%,100%,0%,100%,100%,100%,0%,100%,0%,100%,0%,0%,0%,100%,0%,0%,0%,0%,100%,0%,100%,100%,0%,0%,0%,100%,0%,100%,100%,0%,100%,0%,0%,0%,100%,0%,0%,0%,0%,0%,0%,0%,100%,0%,0%,0%,0%,0%,0%,0%,0%,0%,100%,100%,0%,0%,0%,0%,0%,0%,0%,100%,0%,0%,100%,0%,0%,100%,0%,0%,0%,,0%,,0%,
,0%,,0%,,,100%,,,50%,0%,0%,0%,50%,0%,0%,50%,50%,50%,50%,0%,50%,0%,50%,100%,100%,0%,50%,0%,50%,50%,50%,0%,50%,0%,0%,0%,0%,50%,0%,50%,50%,50%,50%,0%,50%,0%,50%,100%,0%,50%,0%,50%,50%,50%,50%,0%,0%,0%,50%,50%,50%,50%,50%,50%,0%,0%,50%,0%,0%,0%,0%,50%,50%,0%,0%,0%,50%,0%,0%,0%,50%,0%,0%,50%,0%,0%,100%,,,,,0%,,0%,
,,,0%,,,,,,67%,0%,0%,33%,33%,0%,0%,33%,67%,33%,67%,0%,33%,0%,33%,67%,67%,0%,33%,0%,67%,67%,33%,0%,67%,0%,0%,0%,0%,33%,33%,33%,33%,33%,67%,33%,33%,0%,33%,67%,0%,33%,33%,33%,67%,33%,33%,0%,0%,33%,33%,33%,33%,67%,33%,33%,0%,0%,33%,0%,0%,0%,0%,33%,67%,0%,0%,0%,33%,0%,0%,0%,33%,0%,0%,67%,0%,0%,67%,,,,,0%,,,
,,,25%,,,,,,75%,0%,0%,25%,50%,0%,25%,25%,50%,25%,75%,0%,25%,25%,25%,75%,50%,0%,50%,0%,50%,50%,25%,0%,50%,25%,0%,0%,0%,50%,25%,50%,25%,50%,75%,25%,25%,0%,25%,50%,25%,25%,25%,25%,50%,50%,25%,0%,25%,50%,25%,50%,25%,75%,25%,25%,0%,0%,25%,0%,0%,0%,25%,25%,50%,0%,0%,0%,25%,0%,25%,0%,25%,0%,0%,75%,0%,0%,50%,,,,,0%,,,
,,,,,,,,,80%,20%,20%,40%,40%,0%,40%,40%,40%,20%,60%,20%,40%,20%,40%,60%,40%,0%,40%,0%,40%,60%,40%,0%,60%,40%,0%,20%,0%,40%,20%,60%,40%,60%,60%,20%,40%,0%,20%,40%,40%,20%,40%,20%,60%,40%,20%,0%,20%,40%,20%,40%,40%,60%,20%,20%,0%,20%,20%,20%,0%,20%,20%,20%,60%,0%,0%,0%,20%,20%,20%,0%,20%,0%,0%,60%,0%,0%,60%,,,,,,,,
,,,,,,,,,67%,33%,17%,50%,50%,0%,33%,50%,50%,33%,67%,17%,50%,17%,50%,50%,33%,0%,33%,0%,33%,50%,33%,17%,67%,33%,0%,17%,0%,33%,33%,50%,33%,67%,50%,17%,33%,0%,33%,33%,33%,17%,33%,33%,50%,33%,33%,0%,33%,50%,17%,50%,33%,50%,17%,17%,0%,17%,17%,33%,0%,17%,17%,17%,67%,0%,0%,0%,17%,17%,33%,17%,17%,17%,0%,50%,0%,0%,50%,,,,,,,,
,,,,,,,,,71%,43%,29%,57%,57%,14%,29%,57%,43%,29%,71%,14%,57%,14%,57%,43%,29%,0%,29%,0%,29%,57%,29%,29%,57%,43%,0%,29%,14%,43%,43%,57%,43%,71%,43%,14%,29%,0%,29%,29%,43%,29%,43%,43%,57%,29%,43%,0%,43%,43%,14%,43%,29%,43%,14%,14%,0%,29%,14%,43%,0%,14%,14%,14%,57%,0%,0%,0%,14%,14%,29%,14%,14%,14%,0%,43%,0%,0%,43%,,,,,,,,
,,,,,,,,,62%,38%,25%,62%,62%,25%,38%,62%,38%,38%,75%,25%,62%,12%,50%,38%,25%,0%,25%,0%,25%,62%,25%,38%,50%,50%,12%,38%,25%,38%,38%,50%,38%,62%,38%,25%,25%,0%,38%,25%,38%,25%,38%,38%,50%,25%,38%,0%,50%,38%,12%,38%,38%,38%,12%,25%,0%,38%,12%,38%,0%,25%,12%,12%,62%,0%,0%,12%,12%,12%,25%,12%,12%,12%,0%,38%,0%,0%,38%,,,,,,,,
,,,,,,,,,67%,44%,33%,67%,67%,22%,33%,67%,33%,44%,78%,33%,67%,22%,56%,33%,22%,11%,22%,11%,22%,67%,33%,44%,44%,44%,11%,44%,22%,33%,33%,44%,33%,67%,44%,22%,22%,0%,44%,33%,33%,22%,44%,33%,56%,22%,33%,0%,56%,33%,22%,33%,33%,33%,11%,22%,0%,33%,11%,33%,0%,22%,11%,11%,56%,11%,0%,11%,11%,22%,22%,11%,11%,22%,0%,33%,0%,0%,33%,,,,,,,,
,,,,,,,,,70%,50%,40%,60%,70%,20%,30%,60%,30%,40%,70%,40%,70%,20%,60%,40%,20%,20%,20%,10%,30%,60%,30%,50%,50%,40%,10%,40%,30%,40%,30%,40%,30%,70%,40%,20%,30%,10%,40%,40%,30%,20%,50%,30%,60%,20%,30%,0%,50%,40%,30%,30%,30%,30%,10%,30%,0%,40%,10%,30%,0%,20%,10%,10%,60%,10%,0%,10%,10%,20%,20%,20%,10%,30%,0%,30%,0%,0%,30%,,,,,,,,
,,,,,,,,,64%,55%,45%,55%,73%,18%,27%,55%,36%,36%,64%,36%,64%,18%,55%,45%,18%,18%,18%,9%,27%,64%,27%,55%,55%,45%,18%,36%,27%,45%,36%,36%,27%,73%,36%,18%,27%,18%,36%,45%,27%,18%,45%,27%,55%,18%,27%,0%,45%,36%,27%,36%,27%,27%,9%,27%,0%,36%,9%,27%,0%,18%,9%,9%,55%,9%,0%,9%,9%,18%,18%,18%,9%,27%,0%,27%,0%,9%,27%,,,,,,,,
,,,,,,,,,67%,58%,,50%,75%,17%,33%,50%,33%,33%,67%,33%,58%,25%,50%,50%,25%,25%,17%,17%,25%,58%,33%,50%,50%,42%,17%,33%,25%,42%,33%,42%,25%,67%,33%,17%,25%,25%,33%,42%,25%,17%,50%,25%,58%,17%,25%,0%,42%,33%,33%,33%,25%,25%,8%,33%,0%,33%,8%,25%,8%,17%,8%,8%,50%,8%,0%,8%,8%,17%,25%,17%,8%,33%,,33%,,8%,25%,,,,,,,,
,,,,,,,,,69%,62%,,46%,,15%,31%,46%,31%,31%,69%,38%,54%,31%,54%,54%,31%,23%,23%,15%,23%,54%,31%,46%,46%,46%,15%,38%,31%,38%,38%,38%,23%,62%,31%,15%,23%,23%,31%,38%,31%,15%,46%,23%,54%,15%,31%,8%,38%,31%,31%,31%,23%,23%,15%,31%,0%,31%,15%,23%,8%,15%,8%,8%,46%,8%,0%,8%,8%,23%,23%,15%,8%,31%,,31%,,8%,23%,,,,,,,,
,,,,,,,,,71%,64%,,50%,,14%,36%,43%,29%,36%,71%,43%,57%,29%,50%,50%,29%,21%,29%,14%,29%,50%,29%,43%,50%,43%,21%,36%,29%,36%,36%,43%,29%,64%,29%,14%,21%,21%,36%,36%,29%,21%,43%,29%,57%,21%,29%,7%,36%,29%,29%,29%,21%,21%,14%,29%,0%,29%,14%,21%,7%,14%,7%,14%,43%,14%,7%,7%,7%,21%,21%,14%,7%,29%,,29%,,7%,21%,,,,,,,,
,,,,,,,,,73%,,,47%,,13%,33%,47%,33%,40%,67%,47%,60%,27%,53%,53%,27%,20%,33%,13%,33%,47%,27%,40%,53%,47%,27%,33%,27%,33%,33%,40%,27%,60%,27%,13%,20%,27%,40%,33%,27%,20%,40%,27%,53%,20%,27%,7%,40%,27%,27%,27%,20%,20%,20%,27%,0%,27%,13%,20%,7%,13%,7%,13%,40%,13%,7%,13%,7%,27%,20%,13%,7%,27%,,27%,,,20%,,,,,,,,
,,,,,,,,,69%,,,44%,,12%,38%,50%,38%,38%,62%,44%,62%,31%,50%,50%,31%,25%,31%,12%,38%,44%,25%,44%,50%,50%,31%,31%,25%,31%,31%,44%,25%,56%,25%,12%,19%,25%,44%,31%,25%,25%,38%,25%,50%,19%,25%,6%,38%,31%,25%,25%,19%,25%,25%,25%,6%,25%,12%,19%,6%,12%,6%,12%,44%,12%,6%,12%,6%,25%,19%,12%,6%,25%,,31%,,,19%,,,,,,,,
,,,,,,,,,71%,,,41%,,18%,41%,53%,35%,35%,65%,41%,59%,29%,53%,47%,29%,29%,29%,18%,41%,41%,24%,41%,53%,47%,35%,29%,24%,29%,29%,41%,29%,59%,29%,18%,18%,29%,41%,35%,24%,29%,41%,29%,53%,18%,24%,6%,35%,29%,24%,24%,24%,24%,24%,24%,6%,24%,18%,18%,6%,12%,12%,18%,41%,12%,6%,12%,6%,24%,18%,12%,6%,24%,,29%,,,18%,,,,,,,,
,,,,,,,,,72%,,,44%,,17%,39%,56%,39%,39%,67%,39%,56%,33%,56%,44%,33%,28%,33%,22%,44%,39%,28%,39%,56%,50%,39%,28%,28%,33%,28%,44%,28%,61%,28%,17%,17%,33%,44%,33%,28%,28%,39%,28%,56%,17%,22%,6%,33%,33%,28%,28%,22%,22%,22%,28%,6%,22%,17%,17%,6%,17%,11%,17%,44%,11%,6%,17%,6%,22%,17%,11%,11%,22%,,28%,,,17%,,,,,,,,
,,,,,,,,,74%,,,42%,,16%,37%,53%,37%,37%,68%,37%,53%,37%,58%,47%,32%,26%,37%,21%,42%,42%,32%,37%,58%,47%,37%,26%,32%,32%,26%,47%,26%,58%,26%,21%,16%,32%,42%,37%,26%,26%,42%,32%,53%,21%,21%,5%,32%,37%,26%,32%,21%,26%,21%,26%,5%,21%,16%,16%,5%,16%,11%,16%,42%,11%,5%,16%,5%,21%,21%,16%,11%,21%,,26%,,,16%,,,,,,,,
,,,,,,,,,,,,45%,,20%,35%,55%,35%,35%,65%,40%,55%,35%,60%,50%,30%,25%,35%,25%,40%,45%,30%,40%,60%,45%,40%,30%,35%,35%,25%,45%,30%,55%,25%,25%,15%,35%,40%,35%,25%,30%,40%,30%,55%,20%,20%,5%,30%,35%,25%,35%,20%,30%,20%,25%,10%,20%,15%,20%,10%,20%,10%,15%,40%,10%,10%,15%,5%,20%,20%,15%,10%,20%,,25%,,,15%,,,,,,,,
,,,,,,,,,,,,43%,,24%,38%,52%,33%,38%,67%,38%,52%,38%,57%,52%,29%,24%,38%,24%,38%,43%,29%,38%,57%,43%,43%,29%,33%,33%,24%,48%,29%,57%,24%,24%,19%,33%,38%,33%,29%,33%,38%,29%,52%,19%,19%,5%,29%,33%,24%,33%,19%,29%,24%,24%,10%,19%,14%,24%,10%,19%,10%,19%,38%,10%,10%,14%,5%,24%,19%,14%,10%,19%,,24%,,,,,,,,,,,
,,,,,,,,,,,,41%,,23%,41%,50%,36%,41%,68%,36%,55%,41%,55%,50%,27%,27%,41%,27%,41%,45%,27%,36%,55%,45%,41%,27%,32%,32%,23%,45%,32%,55%,23%,23%,18%,32%,36%,32%,27%,32%,36%,27%,50%,18%,23%,5%,27%,32%,23%,32%,18%,27%,23%,27%,9%,18%,18%,23%,9%,18%,9%,18%,36%,9%,9%,14%,9%,23%,18%,14%,9%,18%,,23%,,,,,,,,,,,
,,,,,,,,,,,,43%,,26%,43%,52%,35%,39%,70%,39%,57%,43%,52%,48%,26%,30%,43%,30%,39%,48%,26%,35%,52%,43%,43%,26%,30%,30%,22%,48%,30%,52%,22%,22%,17%,35%,35%,30%,26%,30%,39%,26%,48%,17%,22%,9%,26%,35%,26%,30%,17%,26%,22%,26%,9%,22%,17%,22%,13%,17%,9%,17%,35%,9%,13%,13%,9%,22%,17%,13%,9%,22%,,26%,,,,,,,,,,,
,,,,,,,,,,,,42%,,25%,42%,50%,38%,38%,67%,42%,58%,46%,50%,46%,25%,33%,42%,33%,38%,46%,25%,33%,54%,42%,42%,25%,29%,33%,21%,50%,29%,50%,25%,21%,17%,38%,33%,33%,25%,29%,38%,25%,46%,17%,21%,8%,25%,33%,25%,29%,17%,25%,21%,25%,8%,25%,17%,21%,12%,17%,8%,17%,33%,8%,12%,12%,8%,21%,17%,12%,8%,21%,,25%,,,,,,,,,,,
,,,,,,,,,,,,44%,,24%,44%,48%,40%,40%,68%,40%,56%,48%,52%,44%,24%,32%,44%,36%,40%,48%,24%,32%,52%,44%,40%,28%,28%,32%,24%,48%,28%,52%,28%,20%,16%,40%,32%,32%,24%,28%,36%,28%,44%,16%,24%,8%,24%,32%,24%,32%,20%,24%,20%,24%,8%,24%,16%,20%,12%,20%,8%,20%,32%,8%,12%,12%,8%,24%,16%,16%,8%,20%,,24%,,,,,,,,,,,
,,,,,,,,,,,,42%,,23%,42%,50%,42%,42%,69%,38%,54%,46%,50%,46%,23%,31%,42%,38%,38%,50%,23%,35%,50%,46%,38%,27%,27%,35%,27%,50%,27%,50%,27%,19%,15%,38%,31%,31%,23%,27%,35%,27%,46%,15%,23%,8%,23%,31%,23%,31%,19%,23%,19%,27%,8%,27%,15%,19%,12%,19%,8%,19%,31%,8%,12%,12%,8%,23%,19%,15%,8%,19%,,23%,,,,,,,,,,,
,,,,,,,,,,,,,,22%,41%,52%,41%,41%,67%,41%,56%,48%,48%,48%,22%,30%,41%,37%,37%,48%,22%,37%,52%,44%,37%,26%,26%,33%,26%,48%,30%,52%,26%,19%,15%,37%,33%,30%,22%,30%,33%,30%,48%,15%,22%,11%,26%,33%,22%,30%,19%,22%,19%,26%,11%,26%,15%,19%,11%,22%,7%,19%,30%,11%,15%,11%,7%,22%,19%,15%,11%,19%,,,,,,,,,,,,,
,,,,,,,,,,,,,,21%,39%,50%,43%,43%,64%,39%,57%,50%,46%,50%,25%,29%,43%,36%,39%,46%,21%,36%,50%,43%,36%,29%,29%,32%,25%,46%,29%,50%,25%,18%,18%,36%,36%,32%,21%,29%,36%,29%,46%,14%,25%,11%,29%,36%,21%,29%,18%,21%,18%,25%,11%,25%,14%,18%,11%,21%,7%,18%,32%,11%,14%,11%,7%,21%,18%,14%,11%,18%,,,,,,,,,,,,,
,,,,,,,,,,,,,,21%,41%,52%,41%,45%,66%,38%,55%,48%,45%,48%,28%,31%,41%,38%,38%,45%,24%,38%,48%,45%,34%,31%,28%,34%,28%,48%,28%,48%,24%,17%,17%,34%,38%,31%,24%,28%,34%,31%,48%,14%,28%,14%,28%,34%,21%,28%,21%,21%,17%,24%,10%,24%,17%,21%,10%,21%,7%,21%,31%,10%,14%,10%,7%,21%,17%,14%,14%,21%,,,,,,,,,,,,,
,,,,,,,,,,,,,,23%,40%,53%,40%,47%,63%,37%,53%,47%,47%,47%,30%,33%,43%,40%,37%,47%,23%,40%,47%,47%,33%,30%,27%,37%,27%,47%,30%,47%,23%,17%,17%,33%,37%,30%,23%,30%,33%,30%,47%,13%,27%,13%,27%,33%,20%,27%,20%,20%,17%,23%,10%,23%,17%,20%,10%,20%,10%,20%,30%,10%,13%,13%,7%,20%,17%,17%,13%,20%,,,,,,,,,,,,,
,,,,,,,,,,,,,,23%,42%,52%,42%,48%,61%,35%,52%,48%,45%,45%,32%,35%,45%,42%,35%,45%,23%,39%,48%,45%,32%,32%,26%,35%,29%,45%,32%,48%,23%,19%,16%,32%,35%,29%,23%,29%,32%,29%,48%,13%,26%,13%,26%,35%,19%,26%,23%,23%,16%,23%,10%,23%,16%,23%,10%,19%,10%,19%,29%,10%,13%,13%,6%,23%,19%,19%,13%,19%,,,,,,,,,,,,,
,,,,,,,,,,,,,,25%,44%,53%,41%,47%,59%,34%,53%,47%,47%,44%,31%,38%,47%,41%,38%,44%,22%,38%,47%,44%,31%,34%,25%,34%,31%,47%,31%,47%,25%,19%,16%,34%,38%,28%,22%,28%,34%,28%,47%,12%,28%,12%,25%,38%,19%,25%,22%,22%,19%,22%,9%,22%,16%,22%,12%,19%,9%,19%,28%,9%,12%,12%,6%,22%,19%,19%,16%,19%,,,,,,,,,,,,,
,,,,,,,,,,,,,,24%,45%,52%,42%,48%,58%,33%,55%,48%,45%,42%,30%,36%,45%,39%,39%,42%,24%,39%,45%,42%,33%,33%,24%,33%,30%,45%,30%,45%,24%,18%,18%,36%,36%,27%,21%,27%,33%,27%,45%,12%,27%,15%,24%,39%,21%,24%,24%,21%,18%,21%,12%,21%,15%,21%,12%,18%,9%,18%,27%,12%,12%,12%,6%,21%,18%,18%,18%,21%,,,,,,,,,,,,,
,,,,,,,,,,,,,,24%,47%,53%,41%,50%,59%,35%,53%,50%,47%,44%,29%,38%,47%,41%,41%,41%,26%,38%,44%,41%,35%,32%,24%,35%,29%,44%,29%,47%,24%,18%,21%,35%,35%,26%,21%,29%,32%,26%,44%,15%,26%,15%,24%,38%,21%,24%,26%,21%,18%,24%,12%,21%,15%,21%,12%,18%,9%,21%,26%,12%,12%,15%,6%,21%,18%,18%,18%,21%,,,,,,,,,,,,,
,,,,,,,,,,,,,,23%,49%,54%,43%,49%,60%,34%,54%,49%,49%,43%,29%,37%,46%,43%,40%,40%,26%,40%,43%,43%,34%,31%,26%,37%,31%,46%,29%,46%,26%,17%,20%,37%,34%,29%,23%,31%,34%,26%,43%,14%,26%,17%,26%,37%,23%,26%,29%,23%,17%,23%,11%,23%,14%,20%,11%,17%,9%,20%,26%,14%,11%,14%,6%,20%,17%,17%,17%,20%,,,,,,,,,,,,,
,,,,,,,,,,,,,,25%,50%,53%,44%,47%,58%,33%,53%,47%,50%,44%,28%,36%,47%,42%,42%,42%,25%,42%,42%,42%,36%,33%,25%,39%,31%,44%,28%,44%,28%,17%,22%,36%,36%,28%,22%,33%,33%,25%,42%,14%,25%,17%,25%,36%,25%,25%,28%,22%,17%,22%,14%,25%,14%,19%,11%,17%,8%,22%,25%,14%,11%,14%,6%,19%,17%,17%,17%,19%,,,,,,,,,,,,,
,,,,,,,,,,,,,,27%,51%,54%,43%,49%,59%,32%,51%,49%,49%,46%,27%,38%,49%,43%,41%,43%,27%,43%,43%,41%,35%,32%,27%,38%,30%,43%,27%,43%,27%,16%,24%,35%,38%,30%,22%,32%,32%,27%,41%,16%,24%,16%,24%,35%,24%,24%,27%,22%,16%,22%,14%,24%,14%,19%,11%,16%,8%,22%,24%,14%,14%,14%,5%,19%,16%,16%,16%,19%,,,,,,,,,,,,,
,,,,,,,,,,,,,,26%,53%,53%,42%,47%,61%,34%,53%,50%,50%,47%,29%,39%,50%,42%,42%,42%,26%,42%,42%,39%,37%,34%,26%,37%,32%,42%,29%,42%,26%,18%,24%,37%,39%,32%,24%,32%,32%,26%,39%,16%,24%,16%,26%,34%,26%,24%,26%,24%,16%,24%,16%,24%,16%,18%,11%,18%,8%,21%,24%,16%,13%,13%,8%,18%,18%,16%,,18%,,,,,,,,,,,,,
,,,,,,,,,,,,,,26%,54%,51%,41%,46%,59%,33%,51%,51%,51%,49%,28%,38%,49%,41%,44%,44%,28%,44%,44%,38%,36%,36%,28%,36%,31%,41%,31%,41%,28%,21%,23%,36%,41%,33%,23%,33%,31%,26%,38%,15%,23%,15%,26%,33%,28%,23%,26%,23%,18%,26%,18%,26%,15%,18%,10%,18%,10%,23%,23%,15%,13%,15%,8%,18%,18%,15%,,21%,,,,,,,,,,,,,
,,,,,,,,,,,,,,28%,,52%,40%,48%,57%,32%,52%,50%,52%,48%,28%,40%,50%,40%,42%,42%,28%,42%,42%,38%,35%,35%,30%,35%,30%,42%,30%,42%,30%,20%,22%,35%,40%,32%,22%,35%,30%,25%,38%,18%,22%,15%,28%,32%,28%,22%,25%,22%,18%,25%,18%,25%,18%,18%,12%,18%,10%,25%,25%,18%,12%,15%,8%,18%,20%,15%,,20%,,,,,,,,,,,,,
,,,,,,,,,,,,,,27%,,54%,41%,46%,59%,32%,51%,49%,54%,46%,27%,39%,51%,39%,44%,41%,29%,44%,44%,37%,37%,34%,32%,34%,32%,41%,32%,41%,29%,20%,24%,37%,41%,32%,22%,34%,32%,27%,37%,17%,22%,15%,27%,32%,29%,24%,24%,22%,17%,24%,17%,24%,20%,17%,12%,17%,10%,24%,27%,17%,12%,15%,7%,17%,20%,15%,,20%,,,,,,,,,,,,,
,,,,,,,,,,,,,,26%,,,43%,45%,60%,31%,52%,50%,52%,45%,26%,40%,52%,38%,43%,40%,29%,43%,45%,36%,36%,33%,33%,33%,33%,43%,33%,40%,29%,21%,26%,38%,40%,31%,21%,33%,31%,26%,38%,17%,24%,14%,26%,33%,29%,24%,26%,21%,17%,24%,17%,26%,19%,17%,12%,17%,10%,24%,26%,19%,12%,14%,7%,17%,19%,14%,,,,,,,,,,,,,,,
,,,,,,,,,,,,,,28%,,,44%,44%,60%,,53%,51%,53%,44%,26%,42%,53%,40%,42%,42%,28%,44%,47%,37%,37%,33%,33%,35%,33%,44%,33%,40%,30%,21%,26%,37%,40%,30%,21%,35%,30%,28%,37%,16%,23%,16%,26%,33%,28%,26%,26%,21%,16%,23%,16%,26%,19%,19%,12%,16%,9%,26%,26%,19%,12%,14%,7%,16%,19%,,,,,,,,,,,,,,,,
,,,,,,,,,,,,,,,,,,43%,61%,,55%,52%,52%,45%,27%,41%,55%,41%,41%,41%,30%,43%,48%,36%,39%,34%,32%,36%,34%,43%,34%,41%,30%,20%,25%,36%,39%,30%,20%,36%,30%,27%,36%,18%,23%,16%,27%,32%,27%,27%,25%,20%,16%,23%,16%,25%,18%,20%,11%,18%,11%,25%,25%,18%,11%,14%,9%,16%,18%,,,,,,,,,,,,,,,,
,,,,,,,,,,,,,,,,,,42%,62%,,53%,53%,53%,47%,29%,40%,56%,40%,40%,40%,29%,42%,47%,36%,38%,33%,31%,36%,36%,42%,33%,42%,29%,20%,24%,38%,38%,31%,20%,36%,29%,29%,36%,18%,22%,18%,27%,31%,29%,27%,24%,20%,16%,24%,16%,24%,20%,22%,11%,18%,11%,24%,24%,18%,11%,,9%,16%,,,,,,,,,,,,,,,,,
,,,,,,,,,,,,,,,,,,41%,63%,,52%,52%,54%,46%,28%,41%,54%,39%,39%,39%,30%,43%,46%,37%,37%,33%,33%,37%,35%,41%,33%,43%,30%,22%,24%,37%,37%,30%,20%,37%,28%,28%,37%,17%,22%,17%,28%,30%,28%,26%,24%,20%,15%,26%,15%,24%,20%,24%,11%,17%,13%,26%,26%,20%,11%,,9%,15%,,,,,,,,,,,,,,,,,
,,,,,,,,,,,,,,,,,,43%,64%,,51%,51%,53%,45%,30%,43%,55%,38%,38%,38%,32%,43%,47%,38%,36%,32%,34%,36%,34%,40%,32%,45%,30%,23%,23%,36%,36%,30%,19%,38%,28%,28%,36%,17%,21%,17%,28%,30%,30%,26%,23%,19%,15%,26%,15%,23%,19%,23%,11%,19%,13%,28%,26%,21%,11%,,9%,15%,,,,,,,,,,,,,,,,,
,,,,,,,,,,,,,,,,,,44%,65%,,52%,50%,54%,46%,29%,44%,54%,38%,40%,38%,33%,44%,48%,38%,35%,31%,33%,38%,35%,40%,31%,46%,29%,25%,25%,38%,38%,29%,21%,38%,29%,27%,35%,17%,23%,17%,27%,29%,29%,25%,23%,19%,15%,27%,15%,23%,19%,23%,10%,19%,15%,27%,25%,21%,10%,,8%,15%,,,,,,,,,,,,,,,,,
,,,,,,,,,,,,,,,,,,45%,63%,,53%,49%,55%,45%,31%,43%,53%,37%,39%,37%,33%,45%,49%,37%,37%,33%,33%,37%,37%,41%,31%,45%,29%,24%,27%,37%,37%,31%,20%,37%,29%,29%,37%,16%,22%,18%,27%,29%,29%,24%,22%,18%,14%,27%,16%,22%,18%,22%,12%,18%,14%,27%,24%,20%,10%,,8%,14%,,,,,,,,,,,,,,,,,
,,,,,,,,,,,,,,,,,,46%,64%,,54%,50%,54%,44%,32%,42%,52%,38%,38%,36%,32%,44%,50%,36%,38%,32%,32%,36%,36%,40%,32%,44%,30%,26%,26%,36%,36%,32%,20%,36%,28%,28%,38%,18%,22%,18%,26%,28%,28%,24%,22%,20%,14%,26%,16%,22%,18%,22%,12%,20%,14%,26%,26%,20%,10%,,8%,16%,,,,,,,,,,,,,,,,,
,,,,,,,,,,,,,,,,,,47%,65%,,53%,49%,53%,43%,31%,41%,51%,39%,39%,35%,31%,45%,51%,37%,37%,31%,33%,35%,35%,39%,31%,45%,29%,25%,25%,37%,35%,31%,20%,37%,29%,27%,39%,18%,22%,18%,27%,27%,27%,24%,22%,20%,14%,25%,16%,24%,18%,22%,12%,20%,14%,25%,25%,20%,10%,,8%,16%,,,,,,,,,,,,,,,,,
,,,,,,,,,,,,,,,,,,48%,,,52%,48%,54%,42%,31%,40%,52%,38%,40%,35%,33%,44%,52%,37%,37%,33%,33%,35%,37%,40%,31%,46%,31%,27%,27%,37%,37%,33%,21%,38%,31%,27%,40%,17%,21%,19%,27%,29%,27%,25%,21%,19%,13%,25%,15%,23%,17%,21%,12%,19%,13%,25%,25%,19%,10%,,8%,15%,,,,,,,,,,,,,,,,,
,,,,,,,,,,,,,,,,,,47%,,,51%,49%,53%,43%,32%,40%,51%,40%,42%,34%,32%,45%,51%,36%,38%,32%,34%,34%,36%,42%,32%,47%,30%,26%,26%,38%,36%,32%,21%,38%,30%,28%,40%,17%,21%,19%,28%,28%,26%,25%,23%,19%,13%,25%,15%,23%,17%,21%,11%,19%,13%,26%,26%,19%,9%,,,15%,,,,,,,,,,,,,,,,,
,,,,,,,,,,,,,,,,,,46%,,,52%,50%,54%,43%,31%,39%,52%,41%,41%,35%,31%,44%,50%,35%,37%,31%,33%,35%,35%,41%,31%,48%,30%,26%,28%,39%,35%,33%,20%,37%,30%,28%,39%,19%,20%,19%,30%,28%,26%,24%,24%,20%,13%,24%,15%,22%,17%,20%,11%,19%,13%,26%,28%,19%,9%,,,15%,,,,,,,,,,,,,,,,,
,,,,,,,,,,,,,,,,,,45%,,,51%,49%,53%,44%,33%,40%,53%,42%,40%,36%,33%,45%,49%,35%,36%,31%,33%,36%,35%,42%,31%,49%,31%,25%,27%,40%,36%,33%,20%,38%,29%,29%,38%,18%,20%,18%,29%,27%,25%,24%,25%,20%,15%,24%,15%,22%,18%,20%,11%,18%,13%,25%,27%,18%,9%,,,15%,,,,,,,,,,,,,,,,,
,,,,,,,,,,,,,,,,,,45%,,,52%,48%,52%,43%,32%,39%,52%,43%,41%,38%,32%,46%,48%,36%,36%,32%,32%,36%,34%,41%,30%,48%,32%,25%,29%,39%,36%,32%,20%,38%,29%,29%,38%,18%,21%,18%,29%,27%,25%,23%,27%,20%,14%,25%,14%,21%,18%,20%,11%,18%,12%,25%,29%,18%,11%,,,14%,,,,,,,,,,,,,,,,,
,,,,,,,,,,,,,,,,,,44%,,,51%,49%,51%,44%,32%,40%,53%,42%,40%,37%,33%,47%,47%,37%,35%,32%,32%,35%,33%,40%,30%,47%,33%,25%,30%,40%,37%,32%,19%,37%,28%,30%,37%,18%,23%,18%,28%,26%,26%,23%,28%,19%,14%,25%,14%,21%,19%,19%,12%,18%,12%,25%,28%,18%,11%,,,14%,,,,,,,,,,,,,,,,,
,,,,,,,,,,,,,,,,,,43%,,,50%,50%,50%,45%,31%,40%,53%,41%,41%,36%,33%,47%,47%,36%,34%,33%,31%,36%,33%,40%,31%,48%,34%,26%,29%,41%,38%,31%,19%,36%,28%,31%,38%,19%,24%,17%,28%,26%,26%,22%,29%,19%,14%,24%,14%,22%,19%,21%,12%,17%,12%,26%,28%,17%,12%,,,16%,,,,,,,,,,,,,,,,,
,,,,,,,,,,,,,,,,,,44%,,,51%,51%,49%,44%,31%,39%,53%,42%,42%,37%,32%,47%,47%,37%,34%,32%,31%,37%,32%,39%,31%,47%,34%,25%,29%,41%,37%,31%,19%,37%,29%,31%,39%,19%,24%,17%,27%,27%,25%,22%,31%,19%,15%,24%,14%,22%,19%,22%,12%,19%,12%,27%,27%,19%,12%,,,15%,,,,,,,,,,,,,,,,,
,,,,,,,,,,,,,,,,,,43%,,,52%,52%,50%,43%,30%,40%,52%,42%,42%,37%,32%,47%,47%,37%,33%,33%,30%,37%,33%,38%,32%,47%,33%,27%,30%,42%,38%,30%,18%,37%,30%,30%,38%,18%,25%,17%,27%,28%,25%,22%,30%,18%,17%,23%,13%,22%,18%,22%,12%,20%,12%,27%,27%,18%,12%,,,15%,,,,,,,,,,,,,,,,,
,,,,,,,,,,,,,,,,,,44%,,,51%,51%,49%,43%,31%,41%,52%,43%,43%,38%,33%,46%,48%,38%,33%,33%,31%,38%,34%,38%,33%,48%,33%,26%,30%,41%,38%,30%,18%,36%,31%,30%,39%,18%,25%,18%,28%,28%,25%,21%,30%,18%,18%,25%,13%,23%,18%,21%,11%,21%,11%,26%,26%,20%,11%,,,15%,,,,,,,,,,,,,,,,,
,,,,,,,,,,,,,,,,,,45%,,,52%,52%,48%,42%,32%,42%,52%,42%,44%,39%,32%,45%,47%,37%,34%,34%,31%,37%,34%,39%,32%,48%,32%,27%,29%,40%,37%,29%,19%,35%,31%,29%,39%,18%,26%,19%,27%,27%,24%,21%,29%,19%,18%,24%,13%,23%,19%,21%,11%,21%,11%,27%,26%,19%,11%,,,,,,,,,,,,,,,,,,,,
,,,,,,,,,,,,,,,,,,,,,51%,51%,49%,41%,33%,43%,52%,43%,43%,40%,32%,44%,46%,37%,35%,35%,30%,37%,33%,40%,32%,48%,32%,27%,29%,40%,38%,29%,19%,37%,30%,29%,38%,17%,27%,21%,27%,27%,24%,21%,30%,19%,17%,24%,14%,22%,19%,21%,11%,21%,13%,29%,25%,19%,13%,,,,,,,,,,,,,,,,,,,,
,,,,,,,,,,,,,,,,,,,,,50%,52%,48%,41%,34%,42%,53%,44%,44%,41%,33%,45%,45%,38%,34%,34%,30%,36%,34%,41%,31%,47%,33%,27%,30%,39%,38%,30%,19%,38%,30%,28%,38%,19%,27%,22%,27%,27%,23%,22%,30%,20%,19%,23%,14%,23%,19%,20%,12%,22%,12%,28%,27%,19%,12%,,,,,,,,,,,,,,,,,,,,
,,,,,,,,,,,,,,,,,,,,,51%,51%,49%,40%,35%,42%,54%,43%,45%,42%,34%,45%,45%,37%,35%,34%,31%,35%,34%,40%,31%,46%,32%,28%,29%,40%,37%,31%,18%,37%,29%,28%,37%,18%,26%,22%,26%,28%,23%,22%,29%,22%,18%,23%,14%,23%,18%,20%,12%,22%,12%,28%,26%,18%,12%,,,,,,,,,,,,,,,,,,,,
,,,,,,,,,,,,,,,,,,,,,50%,52%,50%,41%,36%,42%,55%,44%,44%,41%,33%,45%,44%,36%,35%,35%,30%,35%,33%,39%,30%,45%,32%,27%,29%,41%,38%,30%,18%,36%,29%,27%,36%,18%,26%,21%,26%,27%,24%,21%,29%,21%,18%,23%,14%,23%,18%,20%,12%,21%,12%,27%,26%,18%,12%,,,,,,,,,,,,,,,,,,,,
,,,,,,,,,,,,,,,,,,,,,51%,52%,51%,40%,37%,43%,55%,43%,45%,42%,33%,46%,43%,36%,34%,34%,30%,34%,33%,40%,30%,45%,33%,27%,28%,40%,37%,30%,18%,36%,28%,28%,37%,18%,25%,21%,25%,27%,24%,21%,28%,21%,18%,22%,13%,24%,19%,21%,12%,21%,12%,27%,27%,18%,12%,,,,,,,,,,,,,,,,,,,,
,,,,,,,,,,,,,,,,,,,,,50%,53%,50%,41%,37%,43%,54%,44%,44%,41%,34%,47%,43%,35%,35%,35%,29%,34%,34%,40%,29%,46%,32%,26%,28%,41%,37%,29%,18%,35%,28%,29%,38%,19%,26%,21%,26%,26%,24%,21%,28%,21%,19%,22%,13%,24%,19%,21%,13%,21%,13%,26%,26%,18%,12%,,,,,,,,,,,,,,,,,,,,
,,,,,,,,,,,,,,,,,,,,,51%,52%,51%,42%,36%,43%,55%,45%,43%,41%,33%,46%,42%,35%,36%,35%,29%,33%,33%,39%,29%,45%,32%,26%,28%,41%,36%,29%,17%,35%,28%,29%,39%,19%,26%,20%,28%,26%,23%,20%,28%,20%,20%,22%,14%,23%,19%,20%,13%,20%,13%,26%,26%,17%,12%,,,,,,,,,,,,,,,,,,,,
,,,,,,,,,,,,,,,,,,,,,50%,53%,50%,41%,37%,43%,54%,44%,44%,40%,34%,46%,43%,36%,36%,36%,29%,34%,34%,39%,29%,46%,33%,26%,27%,40%,36%,29%,17%,34%,27%,29%,39%,19%,26%,20%,27%,26%,23%,21%,29%,20%,20%,23%,14%,24%,19%,20%,13%,20%,13%,26%,26%,17%,11%,,,,,,,,,,,,,,,,,,,,
,,,,,,,,,,,,,,,,,,,,,49%,52%,51%,41%,37%,44%,55%,45%,44%,41%,34%,45%,44%,37%,37%,35%,30%,34%,35%,38%,28%,46%,34%,25%,27%,39%,37%,28%,17%,35%,28%,28%,38%,18%,25%,20%,27%,25%,24%,21%,28%,20%,20%,23%,14%,24%,18%,20%,13%,20%,13%,27%,25%,18%,11%,,,,,,,,,,,,,,,,,,,,
,,,,,,,,,,,,,,,,,,,,,50%,53%,50%,40%,38%,44%,56%,46%,44%,40%,35%,46%,44%,38%,36%,35%,29%,33%,35%,38%,28%,46%,33%,25%,28%,39%,36%,28%,17%,35%,28%,28%,38%,19%,26%,19%,28%,25%,24%,21%,29%,19%,19%,22%,14%,25%,19%,21%,12%,21%,12%,26%,25%,19%,11%,,,,,,,,,,,,,,,,,,,,
,,,,,,,,,,,,,,,,,,,,,49%,53%,51%,40%,38%,44%,56%,47%,44%,40%,36%,47%,45%,38%,36%,34%,29%,33%,34%,37%,29%,45%,33%,25%,27%,40%,36%,27%,16%,34%,27%,27%,38%,19%,26%,19%,27%,26%,23%,21%,29%,19%,21%,22%,14%,26%,19%,21%,12%,22%,12%,27%,26%,19%,11%,,,,,,,,,,,,,,,,,,,,
,,,,,,,,,,,,,,,,,,,,,50%,54%,51%,41%,38%,45%,57%,47%,45%,41%,36%,46%,46%,39%,35%,34%,28%,34%,35%,38%,28%,45%,32%,26%,28%,41%,35%,27%,18%,34%,27%,27%,38%,20%,26%,19%,27%,26%,24%,20%,28%,19%,20%,23%,14%,26%,20%,20%,12%,23%,12%,27%,26%,19%,11%,,,,,,,,,,,,,,,,,,,,
,,,,,,,,,,,,,,,,,,,,,51%,55%,51%,41%,39%,44%,56%,47%,44%,41%,37%,45%,45%,39%,35%,35%,29%,33%,35%,37%,28%,44%,33%,25%,29%,40%,35%,27%,17%,33%,27%,27%,39%,20%,27%,19%,27%,25%,24%,20%,28%,19%,20%,23%,13%,25%,20%,20%,12%,23%,12%,28%,25%,19%,11%,,,,,,,,,,,,,,,,,,,,
,,,,,,,,,,,,,,,,,,,,,50%,55%,51%,42%,39%,45%,57%,47%,43%,41%,37%,46%,45%,39%,34%,34%,30%,33%,34%,37%,28%,43%,33%,25%,30%,39%,36%,26%,17%,33%,26%,26%,38%,21%,26%,18%,26%,26%,24%,20%,28%,20%,20%,22%,14%,25%,20%,20%,12%,22%,13%,28%,26%,18%,11%,,,,,,,,,,,,,,,,,,,,
,,,,,,,,,,,,,,,,,,,,,49%,56%,51%,42%,40%,44%,57%,47%,43%,40%,38%,45%,45%,39%,34%,34%,31%,34%,34%,38%,29%,44%,32%,25%,30%,40%,35%,26%,17%,32%,27%,26%,38%,21%,26%,18%,26%,27%,23%,21%,27%,21%,19%,22%,14%,25%,19%,19%,13%,22%,14%,27%,26%,18%,10%,,,,,,,,,,,,,,,,,,,,
,,,,,,,,,,,,,,,,,,,,,50%,55%,51%,42%,41%,45%,56%,46%,42%,40%,38%,46%,46%,40%,33%,35%,32%,33%,33%,37%,28%,45%,32%,26%,31%,40%,36%,26%,17%,33%,28%,27%,38%,21%,26%,18%,26%,27%,24%,21%,28%,21%,19%,22%,14%,24%,19%,19%,13%,22%,14%,27%,26%,18%,12%,,,,,,,,,,,,,,,,,,,,
,,,,,,,,,,,,,,,,,,,,,51%,54%,52%,43%,41%,44%,56%,47%,42%,41%,38%,46%,46%,41%,33%,35%,32%,33%,34%,37%,28%,46%,32%,25%,30%,41%,35%,25%,16%,34%,29%,28%,39%,20%,25%,18%,25%,28%,25%,20%,28%,22%,19%,22%,14%,24%,19%,19%,13%,22%,14%,27%,25%,18%,11%,,,,,,,,,,,,,,,,,,,,
,,,,,,,,,,,,,,,,,,,,,50%,54%,52%,44%,41%,45%,56%,46%,41%,41%,38%,46%,45%,41%,34%,36%,31%,34%,34%,36%,28%,45%,32%,25%,31%,41%,35%,25%,18%,34%,29%,28%,39%,20%,25%,18%,25%,28%,25%,20%,28%,21%,19%,21%,14%,24%,19%,19%,12%,21%,14%,28%,26%,18%,12%,,,,,,,,,,,,,,,,,,,,
,,,,,,,,,,,,,,,,,,,,,51%,,53%,44%,42%,44%,57%,47%,41%,42%,37%,46%,44%,42%,33%,37%,31%,33%,35%,36%,28%,46%,32%,25%,31%,42%,36%,25%,17%,35%,28%,27%,38%,20%,25%,19%,26%,28%,25%,21%,27%,21%,19%,21%,14%,23%,19%,19%,14%,22%,14%,27%,26%,17%,14%,,,,,,,,,,,,,,,,,,,,
,,,,,,,,,,,,,,,,,,,,,51%,,54%,45%,41%,45%,56%,46%,41%,41%,37%,45%,44%,41%,34%,38%,30%,33%,34%,35%,28%,45%,33%,26%,30%,43%,35%,24%,17%,34%,28%,27%,39%,20%,24%,18%,26%,28%,24%,21%,28%,22%,20%,21%,13%,23%,18%,20%,13%,22%,13%,27%,27%,17%,15%,,,,,,,,,,,,,,,,,,,,
,,,,,,,,,,,,,,,,,,,,,51%,,54%,46%,42%,46%,55%,47%,42%,41%,36%,46%,43%,41%,34%,37%,30%,34%,35%,35%,29%,46%,34%,27%,30%,42%,35%,25%,17%,34%,28%,28%,40%,19%,24%,18%,25%,28%,24%,20%,28%,22%,19%,22%,13%,23%,18%,19%,14%,22%,14%,27%,27%,,14%,,,,,,,,,,,,,,,,,,,,
,,,,,,,,,,,,,,,,,,,,,50%,,55%,46%,43%,46%,55%,46%,43%,42%,37%,46%,43%,42%,33%,37%,30%,33%,36%,36%,30%,45%,35%,26%,30%,43%,36%,25%,18%,33%,27%,27%,39%,19%,24%,18%,26%,27%,24%,20%,27%,21%,19%,23%,13%,23%,18%,19%,14%,21%,14%,26%,26%,,14%,,,,,,,,,,,,,,,,,,,,
,,,,,,,,,,,,,,,,,,,,,49%,,54%,47%,44%,46%,55%,47%,42%,42%,38%,46%,42%,42%,34%,38%,31%,34%,36%,35%,29%,45%,35%,26%,29%,42%,36%,25%,18%,33%,27%,28%,40%,20%,24%,18%,26%,27%,24%,20%,27%,21%,19%,22%,13%,22%,19%,19%,14%,22%,15%,26%,26%,,14%,,,,,,,,,,,,,,,,,,,,
,,,,,,,,,,,,,,,,,,,,,50%,,55%,47%,44%,47%,56%,48%,43%,42%,37%,45%,42%,42%,34%,37%,30%,35%,36%,36%,30%,45%,35%,26%,30%,43%,36%,24%,17%,33%,28%,28%,40%,20%,23%,17%,26%,27%,24%,21%,27%,21%,20%,22%,13%,22%,19%,19%,14%,22%,15%,26%,26%,,15%,,,,,,,,,,,,,,,,,,,,
,,,,,,,,,,,,,,,,,,,,,49%,,55%,46%,45%,46%,55%,47%,44%,41%,38%,45%,41%,43%,33%,38%,31%,34%,36%,36%,30%,45%,34%,26%,30%,43%,36%,25%,18%,32%,28%,28%,39%,21%,23%,18%,26%,26%,24%,21%,26%,21%,20%,22%,13%,22%,18%,18%,14%,22%,15%,25%,25%,,15%,,,,,,,,,,,,,,,,,,,,
,,,,,,,,,,,,,,,,,,,,,49%,,55%,45%,44%,45%,56%,47%,43%,42%,39%,45%,41%,42%,34%,38%,31%,34%,35%,35%,30%,44%,35%,26%,30%,43%,35%,25%,18%,33%,27%,27%,40%,20%,23%,19%,26%,27%,24%,20%,26%,20%,19%,22%,14%,23%,18%,18%,14%,22%,15%,25%,25%,,15%,,,,,,,,,,,,,,,,,,,,
,,,,,,,,,,,,,,,,,,,,,49%,,55%,45%,44%,46%,55%,47%,44%,43%,38%,45%,42%,43%,34%,37%,31%,35%,35%,36%,30%,44%,35%,26%,29%,43%,36%,25%,19%,33%,28%,27%,40%,20%,22%,20%,26%,27%,24%,20%,26%,20%,19%,21%,13%,22%,19%,18%,15%,,16%,25%,25%,,15%,,,,,,,,,,,,,,,,,,,,
,,,,,,,,,,,,,,,,,,,,,49%,,54%,44%,44%,47%,54%,47%,43%,43%,39%,44%,42%,42%,33%,37%,31%,36%,36%,37%,30%,43%,34%,26%,29%,43%,36%,24%,19%,32%,28%,28%,40%,20%,22%,20%,27%,27%,23%,20%,27%,20%,19%,21%,13%,23%,20%,18%,14%,,16%,24%,24%,,14%,,,,,,,,,,,,,,,,,,,,
,,,,,,,,,,,,,,,,,,,,,48%,,54%,,44%,,55%,46%,44%,43%,40%,44%,42%,43%,33%,36%,32%,35%,35%,36%,30%,43%,35%,26%,29%,43%,36%,24%,20%,32%,27%,27%,40%,20%,22%,20%,27%,26%,23%,20%,26%,20%,19%,21%,13%,23%,20%,18%,14%,,15%,24%,24%,,14%,,,,,,,,,,,,,,,,,,,,
,,,,,,,,,,,,,,,,,,,,,49%,,54%,,43%,,54%,46%,45%,43%,40%,43%,41%,42%,33%,37%,33%,36%,35%,36%,29%,42%,35%,26%,28%,43%,36%,24%,20%,32%,27%,27%,40%,20%,22%,20%,28%,26%,23%,20%,26%,20%,18%,21%,13%,23%,20%,17%,14%,,15%,,25%,,14%,,,,,,,,,,,,,,,,,,,,
,,,,,,,,,,,,,,,,,,,,,,,,,44%,,54%,45%,44%,44%,41%,43%,42%,43%,33%,38%,33%,37%,35%,35%,29%,42%,35%,26%,29%,43%,35%,24%,19%,31%,27%,27%,41%,19%,22%,20%,28%,26%,23%,19%,26%,19%,18%,20%,13%,23%,19%,17%,14%,,15%,,25%,,,,,,,,,,,,,,,,,,,,,,
,,,,,,,,,,,,,,,,,,,,,,,,,45%,,53%,46%,45%,45%,40%,43%,43%,43%,33%,37%,33%,36%,35%,36%,29%,41%,35%,27%,29%,43%,36%,23%,19%,31%,27%,27%,40%,19%,21%,20%,28%,26%,22%,19%,26%,20%,18%,20%,13%,22%,19%,17%,14%,,16%,,26%,,,,,,,,,,,,,,,,,,,,,,
,,,,,,,,,,,,,,,,,,,,,,,,,45%,,54%,46%,45%,44%,40%,42%,42%,43%,33%,37%,33%,37%,35%,36%,28%,42%,35%,26%,29%,43%,36%,24%,19%,31%,27%,27%,40%,19%,21%,20%,27%,25%,22%,20%,25%,20%,18%,20%,13%,22%,20%,17%,14%,,16%,,,,,,,,,,,,,,,,,,,,,,,,
,,,,,,,,,,,,,,,,,,,,,,,,,46%,,54%,47%,46%,44%,41%,43%,42%,43%,32%,38%,32%,36%,34%,35%,28%,43%,34%,26%,29%,44%,36%,24%,19%,30%,28%,27%,41%,20%,21%,20%,27%,25%,22%,20%,25%,20%,18%,20%,12%,22%,20%,17%,14%,,16%,,,,,,,,,,,,,,,,,,,,,,,,
,,,,,,,,,,,,,,,,,,,,,,,,,45%,,55%,46%,46%,43%,40%,43%,41%,42%,33%,37%,32%,37%,34%,36%,29%,42%,34%,27%,30%,43%,36%,24%,19%,30%,28%,27%,40%,20%,22%,20%,28%,25%,22%,20%,25%,20%,18%,20%,12%,22%,20%,16%,13%,,15%,,,,,,,,,,,,,,,,,,,,,,,,
,,,,,,,,,,,,,,,,,,,,,,,,,46%,,55%,46%,46%,44%,41%,43%,41%,42%,34%,38%,33%,37%,34%,36%,29%,42%,34%,27%,30%,43%,37%,23%,19%,30%,28%,27%,40%,20%,21%,19%,29%,24%,21%,19%,24%,19%,17%,19%,12%,21%,19%,16%,13%,,15%,,,,,,,,,,,,,,,,,,,,,,,,
,,,,,,,,,,,,,,,,,,,,,,,,,46%,,56%,45%,46%,44%,40%,43%,40%,41%,34%,38%,32%,36%,34%,35%,28%,41%,33%,26%,30%,42%,36%,23%,19%,29%,27%,26%,39%,20%,21%,19%,28%,24%,21%,19%,24%,19%,18%,19%,12%,21%,19%,16%,14%,,15%,,,,,,,,,,,,,,,,,,,,,,,,
,,,,,,,,,,,,,,,,,,,,,,,,,46%,,56%,46%,46%,45%,41%,43%,40%,41%,34%,39%,32%,36%,34%,36%,29%,41%,33%,27%,30%,43%,37%,23%,19%,29%,27%,26%,39%,21%,21%,19%,29%,24%,22%,19%,24%,19%,19%,19%,12%,22%,19%,16%,14%,,16%,,,,,,,,,,,,,,,,,,,,,,,,
,,,,,,,,,,,,,,,,,,,,,,,,,46%,,55%,47%,46%,45%,41%,44%,41%,41%,35%,39%,33%,36%,35%,37%,29%,41%,33%,27%,31%,44%,37%,23%,19%,29%,27%,26%,39%,21%,21%,19%,29%,24%,22%,20%,24%,19%,19%,19%,12%,23%,19%,17%,14%,,16%,,,,,,,,,,,,,,,,,,,,,,,,
,,,,,,,,,,,,,,,,,,,,,,,,,46%,,56%,46%,45%,45%,40%,43%,41%,41%,35%,38%,33%,36%,34%,37%,29%,41%,32%,26%,30%,43%,36%,24%,19%,28%,27%,25%,38%,21%,21%,19%,28%,24%,22%,20%,24%,19%,19%,20%,13%,23%,19%,17%,14%,,16%,,,,,,,,,,,,,,,,,,,,,,,,
,,,,,,,,,,,,,,,,,,,,,,,,,46%,,56%,46%,46%,46%,41%,44%,42%,41%,35%,38%,33%,37%,35%,38%,30%,41%,32%,26%,30%,43%,36%,23%,19%,28%,27%,25%,38%,20%,20%,18%,28%,23%,22%,19%,23%,18%,18%,19%,13%,22%,18%,17%,15%,,16%,,,,,,,,,,,,,,,,,,,,,,,,
,,,,,,,,,,,,,,,,,,,,,,,,,45%,,56%,46%,45%,46%,41%,44%,41%,41%,35%,38%,33%,38%,35%,38%,30%,40%,32%,27%,30%,42%,36%,23%,19%,28%,28%,25%,38%,20%,20%,18%,28%,23%,22%,19%,23%,18%,18%,19%,12%,22%,19%,17%,14%,,15%,,,,,,,,,,,,,,,,,,,,,,,,
,,,,,,,,,,,,,,,,,,,,,,,,,45%,,55%,47%,46%,47%,41%,45%,41%,42%,34%,37%,32%,37%,34%,37%,30%,40%,32%,27%,30%,42%,35%,23%,19%,28%,28%,25%,38%,20%,20%,18%,28%,23%,22%,19%,24%,18%,18%,19%,12%,22%,19%,17%,15%,,15%,,,,,,,,,,,,,,,,,,,,,,,,
,,,,,,,,,,,,,,,,,,,,,,,,,44%,,55%,47%,46%,46%,42%,45%,42%,42%,34%,37%,32%,38%,34%,37%,29%,40%,32%,27%,29%,42%,35%,23%,19%,27%,27%,25%,39%,20%,20%,18%,27%,23%,22%,19%,24%,18%,18%,19%,12%,22%,20%,17%,16%,,15%,,,,,,,,,,,,,,,,,,,,,,,,
,,,,,,,,,,,,,,,,,,,,,,,,,44%,,55%,48%,47%,46%,42%,46%,41%,42%,34%,37%,33%,38%,34%,36%,30%,39%,32%,27%,29%,42%,36%,22%,19%,27%,27%,24%,38%,20%,20%,18%,28%,22%,22%,19%,23%,18%,18%,19%,12%,21%,20%,17%,16%,,15%,,,,,,,,,,,,,,,,,,,,,,,,
,,,,,,,,,,,,,,,,,,,,,,,,,44%,,55%,48%,47%,46%,43%,46%,42%,42%,33%,37%,32%,38%,33%,37%,31%,39%,31%,27%,30%,42%,35%,22%,19%,27%,28%,24%,38%,19%,19%,18%,28%,23%,22%,19%,23%,18%,18%,19%,12%,21%,19%,17%,16%,,16%,,,,,,,,,,,,,,,,,,,,,,,,
,,,,,,,,,,,,,,,,,,,,,,,,,45%,,54%,48%,47%,46%,42%,47%,41%,41%,33%,37%,32%,39%,34%,37%,30%,39%,31%,27%,29%,41%,35%,23%,18%,27%,28%,24%,38%,19%,19%,17%,28%,23%,22%,19%,23%,17%,17%,18%,12%,21%,19%,17%,17%,,16%,,,,,,,,,,,,,,,,,,,,,,,,
,,,,,,,,,,,,,,,,,,,,,,,,,45%,,55%,48%,46%,45%,43%,46%,42%,42%,33%,37%,33%,38%,34%,37%,30%,39%,31%,26%,29%,41%,35%,23%,18%,26%,27%,25%,37%,19%,19%,17%,27%,23%,22%,19%,23%,17%,17%,18%,12%,21%,19%,17%,16%,,15%,,,,,,,,,,,,,,,,,,,,,,,,
,,,,,,,,,,,,,,,,,,,,,,,,,46%,,54%,49%,47%,46%,43%,47%,42%,41%,33%,37%,32%,38%,33%,38%,30%,40%,31%,26%,29%,41%,35%,23%,18%,26%,28%,24%,38%,20%,19%,18%,27%,23%,23%,19%,23%,17%,17%,19%,12%,22%,19%,17%,16%,,15%,,,,,,,,,,,,,,,,,,,,,,,,
,,,,,,,,,,,,,,,,,,,,,,,,,46%,,54%,48%,46%,46%,43%,47%,42%,41%,33%,38%,32%,38%,33%,38%,30%,40%,30%,26%,29%,40%,36%,23%,19%,26%,28%,24%,38%,21%,19%,19%,27%,22%,22%,19%,22%,17%,17%,20%,12%,21%,19%,17%,16%,,15%,,,,,,,,,,,,,,,,,,,,,,,,
,,,,,,,,,,,,,,,,,,,,,,,,,46%,,54%,49%,47%,46%,43%,47%,42%,42%,34%,37%,32%,38%,33%,37%,30%,40%,30%,26%,29%,40%,35%,23%,19%,26%,27%,24%,39%,20%,19%,19%,27%,23%,23%,19%,22%,17%,18%,19%,12%,21%,19%,17%,17%,,15%,,,,,,,,,,,,,,,,,,,,,,,,
,,,,,,,,,,,,,,,,,,,,,,,,,46%,,54%,49%,46%,46%,44%,47%,41%,42%,33%,37%,32%,38%,32%,37%,30%,39%,30%,25%,29%,40%,35%,23%,18%,25%,28%,24%,39%,21%,18%,18%,26%,23%,23%,19%,23%,17%,18%,19%,11%,21%,20%,17%,17%,,15%,,,,,,,,,,,,,,,,,,,,,,,,
,,,,,,,,,,,,,,,,,,,,,,,,,45%,,55%,50%,46%,45%,43%,48%,42%,43%,33%,37%,31%,37%,32%,37%,30%,39%,30%,25%,29%,40%,36%,23%,19%,25%,29%,23%,38%,21%,18%,18%,26%,23%,23%,19%,23%,17%,17%,20%,11%,22%,20%,17%,17%,,15%,,,,,,,,,,,,,,,,,,,,,,,,
,,,,,,,,,,,,,,,,,,,,,,,,,45%,,54%,49%,46%,45%,44%,47%,41%,42%,33%,36%,31%,37%,32%,36%,29%,40%,31%,25%,29%,41%,36%,22%,19%,25%,28%,23%,38%,22%,19%,18%,26%,22%,23%,19%,22%,18%,17%,20%,11%,22%,20%,17%,16%,,15%,,,,,,,,,,,,,,,,,,,,,,,,
,,,,,,,,,,,,,,,,,,,,,,,,,44%,,55%,50%,45%,45%,44%,48%,42%,42%,33%,37%,31%,38%,32%,36%,29%,39%,32%,25%,29%,40%,36%,23%,19%,25%,28%,23%,38%,21%,19%,18%,26%,22%,23%,19%,23%,18%,17%,20%,11%,21%,20%,18%,16%,,15%,,,,,,,,,,,,,,,,,,,,,,,,
,,,,,,,,,,,,,,,,,,,,,,,,,44%,,54%,50%,46%,45%,44%,48%,42%,42%,33%,37%,31%,37%,31%,36%,30%,39%,32%,25%,29%,40%,36%,23%,19%,25%,29%,23%,38%,21%,19%,19%,25%,22%,24%,19%,23%,18%,17%,19%,11%,21%,19%,19%,16%,,14%,,,,,,,,,,,,,,,,,,,,,,,,
,,,,,,,,,,,,,,,,,,,,,,,,,44%,,55%,50%,46%,45%,45%,48%,43%,42%,33%,37%,32%,38%,31%,35%,29%,39%,32%,24%,29%,39%,35%,23%,19%,24%,29%,23%,38%,21%,18%,19%,25%,22%,24%,18%,23%,18%,17%,20%,11%,22%,19%,18%,16%,,14%,,,,,,,,,,,,,,,,,,,,,,,,
,,,,,,,,,,,,,,,,,,,,,,,,,43%,,54%,49%,46%,44%,44%,48%,43%,42%,32%,38%,32%,38%,31%,35%,29%,38%,32%,24%,28%,39%,35%,23%,19%,24%,28%,22%,38%,21%,19%,19%,25%,22%,23%,19%,22%,18%,17%,20%,11%,22%,19%,18%,16%,,14%,,,,,,,,,,,,,,,,,,,,,,,,
,,,,,,,,,,,,,,,,,,,,,,,,,43%,,54%,49%,46%,44%,44%,47%,43%,42%,32%,38%,31%,37%,31%,35%,30%,39%,31%,24%,28%,39%,36%,23%,19%,24%,28%,23%,37%,21%,19%,19%,25%,22%,23%,20%,23%,17%,17%,20%,11%,21%,19%,19%,16%,,14%,,,,,,,,,,,,,,,,,,,,,,,,
,,,,,,,,,,,,,,,,,,,,,,,,,43%,,54%,48%,47%,43%,44%,47%,43%,42%,32%,38%,31%,37%,31%,34%,30%,39%,31%,24%,28%,39%,35%,23%,19%,24%,28%,24%,37%,21%,20%,19%,25%,22%,23%,20%,23%,18%,16%,20%,11%,22%,19%,20%,16%,,14%,,,,,,,,,,,,,,,,,,,,,,,,
,,,,,,,,,,,,,,,,,,,,,,,,,42%,,54%,48%,47%,44%,45%,47%,42%,41%,32%,38%,32%,37%,32%,34%,30%,38%,31%,24%,28%,38%,35%,24%,19%,24%,28%,24%,37%,22%,20%,19%,24%,23%,23%,20%,23%,18%,17%,20%,11%,23%,19%,20%,15%,,14%,,,,,,,,,,,,,,,,,,,,,,,,
,,,,,,,,,,,,,,,,,,,,,,,,,42%,,55%,48%,48%,44%,44%,47%,42%,42%,32%,38%,32%,37%,31%,34%,31%,38%,31%,23%,29%,39%,35%,23%,19%,23%,27%,25%,36%,22%,20%,19%,24%,23%,23%,20%,23%,18%,18%,19%,10%,23%,19%,19%,,,14%,,,,,,,,,,,,,,,,,,,,,,,,
,,,,,,,,,,,,,,,,,,,,,,,,,42%,,,47%,47%,43%,44%,46%,42%,42%,33%,38%,32%,37%,31%,34%,31%,38%,30%,24%,30%,38%,35%,23%,19%,23%,27%,25%,37%,22%,20%,18%,25%,22%,23%,21%,22%,18%,18%,19%,11%,22%,19%,19%,,,14%,,,,,,,,,,,,,,,,,,,,,,,,
,,,,,,,,,,,,,,,,,,,,,,,,,41%,,,48%,48%,43%,44%,46%,42%,43%,33%,37%,33%,37%,31%,33%,31%,38%,30%,24%,30%,38%,35%,24%,19%,23%,27%,25%,37%,22%,20%,18%,25%,23%,24%,21%,22%,17%,17%,19%,11%,22%,20%,19%,,,13%,,,,,,,,,,,,,,,,,,,,,,,,
,,,,,,,,,,,,,,,,,,,,,,,,,42%,,,48%,48%,43%,44%,46%,43%,43%,34%,38%,33%,38%,31%,34%,31%,39%,30%,24%,31%,39%,35%,24%,19%,23%,28%,24%,36%,23%,20%,18%,26%,23%,24%,20%,23%,18%,17%,19%,11%,22%,20%,19%,,,13%,,,,,,,,,,,,,,,,,,,,,,,,
,,,,,,,,,,,,,,,,,,,,,,,,,41%,,,48%,48%,42%,45%,45%,42%,43%,34%,38%,33%,38%,32%,34%,30%,38%,30%,23%,31%,38%,35%,23%,19%,23%,27%,25%,37%,23%,20%,19%,26%,23%,24%,21%,23%,18%,18%,19%,11%,23%,20%,19%,,,13%,,,,,,,,,,,,,,,,,,,,,,,,
,,,,,,,,,,,,,,,,,,,,,,,,,42%,,,49%,48%,43%,45%,45%,43%,43%,35%,39%,33%,38%,33%,33%,30%,38%,30%,23%,32%,39%,35%,23%,19%,22%,27%,25%,37%,22%,19%,19%,26%,22%,24%,21%,23%,18%,18%,19%,11%,22%,20%,19%,,,13%,,,,,,,,,,,,,,,,,,,,,,,,
,,,,,,,,,,,,,,,,,,,,,,,,,42%,,,49%,48%,42%,45%,45%,42%,43%,35%,38%,33%,38%,33%,33%,30%,38%,31%,23%,32%,39%,35%,24%,19%,23%,27%,25%,37%,23%,19%,18%,25%,22%,24%,21%,23%,18%,18%,18%,12%,22%,20%,19%,,,,,,,,,,,,,,,,,,,,,,,,,,,
,,,,,,,,,,,,,,,,,,,,,,,,,43%,,,49%,48%,43%,46%,45%,42%,43%,34%,39%,34%,38%,34%,34%,31%,38%,31%,23%,31%,40%,35%,24%,19%,23%,27%,25%,37%,23%,19%,19%,25%,22%,24%,21%,23%,18%,18%,18%,11%,23%,20%,19%,,,,,,,,,,,,,,,,,,,,,,,,,,,
,,,,,,,,,,,,,,,,,,,,,,,,,,,,49%,48%,43%,46%,45%,42%,42%,35%,39%,34%,38%,33%,33%,31%,38%,30%,23%,31%,39%,36%,23%,19%,23%,27%,26%,37%,23%,19%,19%,26%,22%,23%,20%,23%,17%,17%,18%,11%,23%,20%,19%,,,,,,,,,,,,,,,,,,,,,,,,,,,
,,,,,,,,,,,,,,,,,,,,,,,,,,,,49%,49%,43%,47%,44%,42%,42%,35%,39%,34%,38%,33%,34%,31%,38%,31%,23%,31%,40%,36%,24%,19%,23%,27%,26%,37%,23%,20%,20%,26%,23%,24%,20%,23%,17%,17%,18%,11%,23%,20%,19%,,,,,,,,,,,,,,,,,,,,,,,,,,,
,,,,,,,,,,,,,,,,,,,,,,,,,,,,49%,49%,43%,46%,45%,42%,42%,34%,40%,34%,38%,34%,34%,31%,38%,31%,22%,31%,40%,37%,24%,19%,22%,27%,25%,37%,23%,20%,19%,25%,22%,25%,20%,22%,17%,17%,18%,11%,22%,19%,19%,,,,,,,,,,,,,,,,,,,,,,,,,,,
,,,,,,,,,,,,,,,,,,,,,,,,,,,,49%,48%,42%,47%,45%,42%,42%,34%,39%,33%,39%,33%,34%,30%,38%,31%,23%,31%,39%,36%,24%,19%,22%,27%,25%,36%,24%,20%,19%,25%,22%,24%,20%,22%,17%,17%,19%,11%,22%,19%,19%,,,,,,,,,,,,,,,,,,,,,,,,,,,
,,,,,,,,,,,,,,,,,,,,,,,,,,,,49%,48%,42%,47%,45%,42%,42%,35%,39%,34%,39%,34%,34%,31%,38%,31%,24%,32%,40%,36%,24%,18%,22%,27%,25%,37%,24%,21%,19%,25%,22%,24%,20%,23%,17%,17%,19%,11%,22%,20%,18%,,,,,,,,,,,,,,,,,,,,,,,,,,,
,,,,,,,,,,,,,,,,,,,,,,,,,,,,50%,48%,42%,47%,45%,42%,42%,35%,39%,34%,39%,34%,34%,31%,38%,31%,24%,31%,40%,36%,23%,18%,22%,27%,25%,37%,24%,20%,19%,26%,22%,24%,20%,23%,17%,17%,19%,11%,22%,20%,19%,,,,,,,,,,,,,,,,,,,,,,,,,,,
,,,,,,,,,,,,,,,,,,,,,,,,,,,,49%,48%,42%,48%,45%,41%,43%,35%,38%,33%,39%,33%,33%,30%,38%,30%,24%,31%,41%,36%,23%,18%,22%,27%,25%,37%,25%,20%,19%,25%,22%,24%,20%,22%,17%,17%,19%,11%,22%,20%,20%,,,,,,,,,,,,,,,,,,,,,,,,,,,
,,,,,,,,,,,,,,,,,,,,,,,,,,,,49%,47%,42%,47%,45%,41%,43%,35%,39%,33%,39%,33%,33%,30%,37%,30%,24%,31%,40%,37%,23%,19%,22%,27%,25%,37%,24%,20%,19%,25%,22%,24%,19%,22%,17%,17%,19%,11%,22%,19%,20%,,,,,,,,,,,,,,,,,,,,,,,,,,,
,,,,,,,,,,,,,,,,,,,,,,,,,,,,49%,47%,42%,48%,45%,41%,43%,34%,39%,33%,39%,33%,33%,30%,37%,31%,24%,31%,40%,36%,24%,19%,21%,26%,25%,37%,25%,20%,19%,26%,21%,24%,19%,22%,16%,16%,19%,11%,21%,19%,20%,,,,,,,,,,,,,,,,,,,,,,,,,,,
,,,,,,,,,,,,,,,,,,,,,,,,,,,,49%,47%,43%,48%,45%,41%,43%,34%,39%,33%,38%,33%,33%,30%,37%,30%,24%,30%,40%,36%,24%,19%,21%,26%,25%,37%,26%,20%,18%,26%,21%,23%,19%,22%,16%,16%,18%,11%,21%,19%,21%,,,,,,,,,,,,,,,,,,,,,,,,,,,
,,,,,,,,,,,,,,,,,,,,,,,,,,,,49%,47%,43%,48%,45%,41%,43%,35%,39%,33%,39%,34%,33%,30%,37%,30%,24%,30%,40%,36%,24%,19%,21%,27%,25%,37%,25%,20%,18%,25%,21%,23%,19%,23%,16%,16%,18%,11%,22%,19%,20%,,,,,,,,,,,,,,,,,,,,,,,,,,,
,,,,,,,,,,,,,,,,,,,,,,,,,,,,48%,48%,43%,48%,45%,41%,43%,34%,39%,34%,38%,34%,34%,29%,36%,31%,24%,31%,41%,36%,24%,19%,21%,27%,24%,36%,25%,20%,18%,25%,21%,24%,19%,22%,16%,16%,18%,11%,22%,19%,20%,,,,,,,,,,,,,,,,,,,,,,,,,,,
,,,,,,,,,,,,,,,,,,,,,,,,,,,,48%,48%,43%,49%,44%,41%,43%,34%,40%,33%,38%,33%,34%,30%,37%,31%,24%,31%,40%,36%,24%,19%,21%,26%,24%,36%,25%,19%,18%,25%,21%,24%,19%,22%,16%,16%,18%,11%,22%,19%,21%,,,,,,,,,,,,,,,,,,,,,,,,,,,
,,,,,,,,,,,,,,,,,,,,,,,,,,,,48%,48%,43%,48%,44%,41%,43%,34%,40%,33%,39%,33%,34%,30%,37%,32%,25%,31%,41%,37%,23%,19%,21%,26%,25%,37%,25%,19%,18%,25%,21%,23%,19%,22%,16%,16%,18%,11%,21%,19%,21%,,,,,,,,,,,,,,,,,,,,,,,,,,,
,,,,,,,,,,,,,,,,,,,,,,,,,,,,49%,47%,42%,48%,44%,40%,43%,34%,40%,34%,39%,34%,34%,29%,37%,32%,25%,32%,41%,37%,23%,18%,21%,27%,25%,36%,25%,19%,18%,25%,21%,23%,19%,22%,16%,16%,18%,12%,21%,18%,21%,,,,,,,,,,,,,,,,,,,,,,,,,,,
,,,,,,,,,,,,,,,,,,,,,,,,,,,,48%,47%,42%,48%,44%,40%,43%,34%,40%,34%,39%,33%,34%,30%,37%,32%,24%,32%,41%,37%,24%,18%,20%,27%,24%,36%,24%,19%,18%,25%,20%,23%,19%,22%,16%,16%,18%,12%,21%,18%,20%,,,,,,,,,,,,,,,,,,,,,,,,,,,
,,,,,,,,,,,,,,,,,,,,,,,,,,,,49%,47%,42%,48%,44%,41%,43%,34%,41%,34%,40%,34%,34%,30%,37%,32%,24%,32%,42%,37%,24%,18%,20%,26%,24%,36%,24%,19%,18%,25%,21%,23%,19%,22%,16%,16%,18%,12%,21%,18%,20%,,,,,,,,,,,,,,,,,,,,,,,,,,,
,,,,,,,,,,,,,,,,,,,,,,,,,,,,49%,48%,42%,48%,44%,40%,44%,34%,40%,34%,40%,34%,34%,30%,38%,32%,24%,32%,42%,37%,23%,18%,21%,27%,24%,37%,24%,19%,18%,26%,21%,23%,19%,23%,15%,16%,18%,13%,21%,19%,21%,,,,,,,,,,,,,,,,,,,,,,,,,,,
,,,,,,,,,,,,,,,,,,,,,,,,,,,,49%,48%,41%,48%,44%,41%,44%,35%,41%,34%,40%,33%,34%,30%,37%,31%,24%,32%,42%,37%,24%,18%,21%,27%,24%,37%,24%,19%,18%,25%,21%,23%,19%,23%,15%,16%,18%,13%,21%,19%,21%,,,,,,,,,,,,,,,,,,,,,,,,,,,
,,,,,,,,,,,,,,,,,,,,,,,,,,,,50%,48%,42%,48%,44%,40%,44%,34%,40%,34%,40%,34%,34%,30%,38%,32%,25%,32%,42%,36%,25%,18%,21%,26%,24%,36%,24%,19%,18%,25%,21%,23%,19%,23%,15%,16%,18%,13%,21%,19%,21%,,,,,,,,,,,,,,,,,,,,,,,,,,,
,,,,,,,,,,,,,,,,,,,,,,,,,,,,50%,47%,42%,48%,44%,40%,43%,35%,40%,34%,40%,34%,34%,30%,38%,32%,24%,33%,41%,36%,24%,18%,20%,26%,24%,37%,24%,18%,18%,25%,20%,23%,19%,23%,15%,16%,18%,13%,20%,19%,21%,,,,,,,,,,,,,,,,,,,,,,,,,,,
,,,,,,,,,,,,,,,,,,,,,,,,,,,,50%,48%,42%,48%,44%,40%,43%,35%,40%,35%,41%,34%,35%,29%,38%,31%,24%,33%,41%,37%,24%,18%,20%,26%,25%,37%,24%,18%,18%,25%,21%,24%,19%,23%,15%,16%,18%,13%,21%,19%,22%,,,,,,,,,,,,,,,,,,,,,,,,,,,
,,,,,,,,,,,,,,,,,,,,,,,,,,,,50%,48%,42%,48%,45%,40%,44%,34%,40%,34%,41%,34%,35%,30%,38%,32%,25%,33%,41%,36%,24%,18%,20%,26%,25%,38%,23%,19%,18%,25%,21%,24%,19%,23%,15%,16%,18%,13%,21%,19%,21%,,,,,,,,,,,,,,,,,,,,,,,,,,,
,,,,,,,,,,,,,,,,,,,,,,,,,,,,50%,48%,41%,48%,45%,39%,43%,34%,40%,34%,41%,35%,35%,30%,39%,32%,25%,33%,41%,36%,25%,19%,20%,26%,25%,37%,23%,19%,17%,25%,21%,24%,19%,23%,15%,15%,17%,13%,21%,19%,22%,,,,,,,,,,,,,,,,,,,,,,,,,,,
,,,,,,,,,,,,,,,,,,,,,,,,,,,,49%,49%,41%,47%,44%,39%,43%,35%,40%,35%,41%,35%,35%,30%,38%,33%,25%,33%,40%,37%,24%,19%,20%,26%,26%,38%,23%,19%,17%,25%,21%,24%,19%,22%,15%,16%,17%,13%,21%,19%,22%,,,,,,,,,,,,,,,,,,,,,,,,,,,
,,,,,,,,,,,,,,,,,,,,,,,,,,,,50%,48%,41%,,45%,39%,43%,34%,39%,34%,41%,36%,35%,31%,38%,32%,25%,33%,40%,36%,24%,19%,20%,26%,26%,38%,23%,18%,18%,25%,20%,24%,18%,23%,15%,17%,17%,13%,22%,20%,22%,,,,,,,,,,,,,,,,,,,,,,,,,,,
,,,,,,,,,,,,,,,,,,,,,,,,,,,,49%,49%,41%,,45%,40%,43%,34%,40%,34%,41%,35%,35%,31%,38%,32%,25%,34%,40%,36%,24%,20%,20%,26%,27%,37%,23%,18%,18%,25%,20%,24%,18%,23%,15%,16%,18%,13%,22%,20%,22%,,,,,,,,,,,,,,,,,,,,,,,,,,,
,,,,,,,,,,,,,,,,,,,,,,,,,,,,49%,48%,41%,,45%,40%,43%,34%,40%,34%,41%,35%,35%,31%,38%,32%,25%,33%,40%,36%,24%,20%,19%,26%,27%,37%,23%,18%,18%,25%,20%,24%,18%,24%,15%,17%,18%,,21%,20%,21%,,,,,,,,,,,,,,,,,,,,,,,,,,,
,,,,,,,,,,,,,,,,,,,,,,,,,,,,49%,49%,41%,,45%,40%,43%,34%,40%,34%,41%,36%,34%,31%,38%,32%,25%,34%,39%,36%,24%,20%,19%,26%,27%,38%,22%,18%,18%,25%,20%,24%,18%,24%,15%,17%,18%,,21%,20%,21%,,,,,,,,,,,,,,,,,,,,,,,,,,,
,,,,,,,,,,,,,,,,,,,,,,,,,,,,49%,48%,42%,,45%,40%,43%,34%,40%,34%,40%,35%,34%,30%,37%,32%,25%,34%,39%,35%,24%,20%,19%,26%,27%,37%,22%,18%,18%,25%,20%,24%,18%,24%,15%,17%,18%,,21%,20%,21%,,,,,,,,,,,,,,,,,,,,,,,,,,,
,,,,,,,,,,,,,,,,,,,,,,,,,,,,49%,49%,42%,,45%,40%,44%,34%,40%,34%,40%,35%,34%,31%,37%,32%,25%,34%,39%,35%,24%,20%,20%,26%,27%,37%,22%,18%,18%,25%,20%,23%,18%,24%,15%,17%,18%,,21%,20%,21%,,,,,,,,,,,,,,,,,,,,,,,,,,,
,,,,,,,,,,,,,,,,,,,,,,,,,,,,48%,49%,42%,,45%,39%,44%,34%,40%,34%,40%,35%,34%,31%,37%,32%,25%,34%,39%,36%,25%,20%,20%,26%,27%,37%,22%,18%,18%,25%,20%,23%,18%,24%,15%,17%,18%,,21%,20%,21%,,,,,,,,,,,,,,,,,,,,,,,,,,,
,,,,,,,,,,,,,,,,,,,,,,,,,,,,48%,49%,43%,,45%,39%,44%,35%,40%,35%,40%,35%,34%,31%,37%,32%,24%,34%,38%,36%,24%,20%,20%,26%,27%,37%,22%,18%,18%,25%,20%,23%,18%,24%,15%,17%,18%,,21%,21%,21%,,,,,,,,,,,,,,,,,,,,,,,,,,,
,,,,,,,,,,,,,,,,,,,,,,,,,,,,48%,50%,43%,,45%,39%,44%,35%,40%,35%,41%,35%,35%,31%,36%,32%,25%,34%,38%,36%,24%,20%,20%,25%,27%,36%,22%,18%,18%,25%,20%,23%,18%,24%,15%,17%,19%,,21%,21%,21%,,,,,,,,,,,,,,,,,,,,,,,,,,,
,,,,,,,,,,,,,,,,,,,,,,,,,,,,48%,49%,43%,,45%,39%,43%,36%,40%,35%,41%,34%,34%,31%,36%,32%,25%,34%,38%,36%,25%,20%,20%,25%,28%,36%,22%,17%,18%,25%,20%,23%,18%,25%,14%,17%,19%,,21%,20%,20%,,,,,,,,,,,,,,,,,,,,,,,,,,,
,,,,,,,,,,,,,,,,,,,,,,,,,,,,49%,50%,43%,,45%,39%,44%,35%,41%,35%,41%,34%,35%,31%,36%,32%,25%,34%,38%,35%,25%,20%,20%,26%,28%,37%,22%,17%,18%,26%,20%,23%,18%,25%,14%,17%,19%,,21%,21%,20%,,,,,,,,,,,,,,,,,,,,,,,,,,,
,,,,,,,,,,,,,,,,,,,,,,,,,,,,49%,50%,43%,,45%,39%,44%,35%,40%,35%,40%,34%,35%,30%,36%,32%,24%,34%,38%,35%,25%,20%,20%,26%,27%,36%,21%,17%,18%,26%,20%,23%,18%,24%,14%,17%,18%,,21%,21%,,,,,,,,,,,,,,,,,,,,,,,,,,,,
,,,,,,,,,,,,,,,,,,,,,,,,,,,,,50%,43%,,45%,39%,44%,36%,41%,35%,40%,34%,34%,30%,36%,33%,24%,34%,37%,36%,25%,20%,20%,26%,27%,36%,22%,17%,18%,25%,20%,22%,18%,24%,14%,17%,18%,,21%,21%,,,,,,,,,,,,,,,,,,,,,,,,,,,,
,,,,,,,,,,,,,,,,,,,,,,,,,,,,,50%,44%,,45%,39%,44%,35%,41%,35%,41%,34%,34%,30%,36%,32%,25%,34%,37%,35%,26%,21%,20%,26%,27%,36%,22%,18%,18%,25%,19%,22%,18%,24%,14%,16%,19%,,21%,21%,,,,,,,,,,,,,,,,,,,,,,,,,,,,
,,,,,,,,,,,,,,,,,,,,,,,,,,,,,50%,44%,,44%,40%,44%,36%,40%,35%,40%,35%,34%,30%,36%,33%,25%,34%,37%,35%,26%,20%,20%,26%,27%,36%,22%,18%,18%,25%,19%,22%,18%,25%,14%,17%,19%,,21%,21%,,,,,,,,,,,,,,,,,,,,,,,,,,,,
,,,,,,,,,,,,,,,,,,,,,,,,,,,,,51%,44%,,44%,40%,44%,36%,41%,35%,40%,34%,34%,31%,36%,33%,24%,34%,38%,35%,26%,20%,20%,26%,27%,36%,22%,17%,18%,25%,19%,22%,17%,24%,14%,17%,19%,,22%,21%,,,,,,,,,,,,,,,,,,,,,,,,,,,,
,,,,,,,,,,,,,,,,,,,,,,,,,,,,,50%,43%,,44%,40%,44%,36%,40%,35%,40%,35%,34%,31%,36%,33%,24%,34%,38%,35%,25%,20%,20%,26%,27%,36%,22%,18%,18%,25%,19%,22%,18%,24%,14%,17%,18%,,21%,21%,,,,,,,,,,,,,,,,,,,,,,,,,,,,
,,,,,,,,,,,,,,,,,,,,,,,,,,,,,51%,44%,,44%,40%,44%,36%,41%,35%,41%,34%,33%,30%,36%,33%,24%,34%,38%,35%,25%,21%,20%,26%,27%,36%,22%,18%,18%,25%,19%,22%,18%,25%,14%,17%,18%,,21%,21%,,,,,,,,,,,,,,,,,,,,,,,,,,,,
,,,,,,,,,,,,,,,,,,,,,,,,,,,,,50%,44%,,44%,40%,44%,35%,41%,35%,41%,35%,33%,30%,37%,33%,24%,34%,38%,35%,25%,21%,20%,26%,27%,35%,22%,18%,18%,25%,19%,22%,18%,25%,14%,17%,18%,,21%,21%,,,,,,,,,,,,,,,,,,,,,,,,,,,,
,,,,,,,,,,,,,,,,,,,,,,,,,,,,,50%,44%,,44%,40%,44%,36%,41%,35%,40%,35%,33%,31%,36%,34%,24%,34%,39%,35%,25%,21%,20%,26%,27%,35%,22%,18%,18%,24%,19%,22%,18%,24%,14%,17%,18%,,21%,21%,,,,,,,,,,,,,,,,,,,,,,,,,,,,
,,,,,,,,,,,,,,,,,,,,,,,,,,,,,50%,44%,,44%,40%,44%,36%,41%,34%,40%,35%,33%,31%,37%,33%,24%,34%,38%,36%,25%,21%,20%,26%,28%,35%,21%,18%,18%,24%,19%,22%,18%,25%,14%,17%,18%,,21%,21%,,,,,,,,,,,,,,,,,,,,,,,,,,,,
,,,,,,,,,,,,,,,,,,,,,,,,,,,,,50%,44%,,44%,40%,44%,36%,42%,34%,40%,35%,33%,31%,37%,33%,24%,34%,38%,36%,25%,21%,20%,26%,28%,35%,21%,17%,17%,24%,19%,22%,18%,25%,13%,17%,18%,,21%,21%,,,,,,,,,,,,,,,,,,,,,,,,,,,,
,,,,,,,,,,,,,,,,,,,,,,,,,,,,,50%,44%,,44%,40%,44%,36%,42%,35%,40%,35%,33%,31%,37%,34%,23%,34%,38%,36%,25%,21%,21%,26%,27%,35%,22%,17%,18%,24%,19%,22%,18%,25%,13%,17%,18%,,21%,21%,,,,,,,,,,,,,,,,,,,,,,,,,,,,
,,,,,,,,,,,,,,,,,,,,,,,,,,,,,49%,44%,,44%,39%,43%,36%,42%,34%,40%,34%,33%,31%,37%,33%,23%,34%,38%,36%,24%,21%,21%,26%,27%,34%,22%,17%,18%,24%,19%,22%,18%,24%,13%,17%,18%,,21%,21%,,,,,,,,,,,,,,,,,,,,,,,,,,,,
,,,,,,,,,,,,,,,,,,,,,,,,,,,,,49%,45%,,44%,39%,43%,35%,42%,34%,40%,34%,33%,30%,36%,33%,23%,34%,38%,36%,24%,22%,20%,26%,27%,34%,22%,17%,18%,24%,19%,22%,18%,24%,13%,17%,18%,,21%,20%,,,,,,,,,,,,,,,,,,,,,,,,,,,,
,,,,,,,,,,,,,,,,,,,,,,,,,,,,,49%,45%,,44%,39%,43%,35%,42%,34%,40%,34%,32%,31%,36%,34%,24%,35%,38%,36%,24%,21%,20%,26%,27%,34%,21%,17%,18%,24%,20%,22%,18%,24%,13%,16%,18%,,21%,21%,,,,,,,,,,,,,,,,,,,,,,,,,,,,
,,,,,,,,,,,,,,,,,,,,,,,,,,,,,49%,45%,,44%,39%,43%,35%,42%,34%,39%,34%,33%,31%,37%,33%,24%,34%,38%,36%,25%,21%,21%,26%,27%,34%,22%,17%,18%,24%,20%,22%,17%,24%,13%,17%,18%,,21%,21%,,,,,,,,,,,,,,,,,,,,,,,,,,,,
,,,,,,,,,,,,,,,,,,,,,,,,,,,,,49%,,,43%,39%,43%,35%,42%,35%,39%,34%,33%,32%,36%,33%,24%,34%,38%,36%,24%,21%,21%,26%,27%,34%,22%,17%,18%,24%,20%,22%,17%,24%,14%,17%,18%,,,21%,,,,,,,,,,,,,,,,,,,,,,,,,,,,
,,,,,,,,,,,,,,,,,,,,,,,,,,,,,49%,,,43%,39%,43%,35%,42%,35%,39%,34%,33%,32%,37%,33%,24%,34%,38%,36%,24%,21%,21%,25%,28%,34%,22%,17%,18%,24%,19%,22%,18%,24%,14%,17%,18%,,,21%,,,,,,,,,,,,,,,,,,,,,,,,,,,,
,,,,,,,,,,,,,,,,,,,,,,,,,,,,,49%,,,43%,40%,44%,35%,42%,34%,39%,34%,33%,32%,37%,33%,24%,34%,38%,35%,25%,21%,21%,25%,27%,33%,22%,17%,18%,24%,19%,22%,18%,24%,13%,17%,18%,,,21%,,,,,,,,,,,,,,,,,,,,,,,,,,,,
,,,,,,,,,,,,,,,,,,,,,,,,,,,,,49%,,,43%,40%,44%,35%,42%,34%,39%,34%,34%,32%,36%,34%,24%,34%,37%,36%,25%,21%,21%,25%,27%,33%,22%,17%,18%,24%,19%,22%,18%,25%,14%,17%,18%,,,21%,,,,,,,,,,,,,,,,,,,,,,,,,,,,
,,,,,,,,,,,,,,,,,,,,,,,,,,,,,49%,,,43%,39%,44%,35%,42%,35%,38%,34%,34%,32%,36%,34%,24%,35%,38%,36%,24%,21%,21%,25%,27%,33%,22%,17%,18%,24%,19%,22%,18%,25%,14%,17%,18%,,,21%,,,,,,,,,,,,,,,,,,,,,,,,,,,,
,,,,,,,,,,,,,,,,,,,,,,,,,,,,,50%,,,43%,39%,43%,34%,42%,34%,38%,34%,34%,32%,36%,33%,24%,35%,38%,36%,25%,21%,21%,25%,27%,33%,22%,17%,17%,24%,19%,22%,18%,25%,14%,17%,18%,,,21%,,,,,,,,,,,,,,,,,,,,,,,,,,,,
,,,,,,,,,,,,,,,,,,,,,,,,,,,,,50%,,,43%,39%,44%,35%,42%,34%,38%,35%,34%,32%,36%,33%,24%,35%,38%,36%,25%,21%,21%,26%,27%,33%,22%,17%,17%,24%,19%,22%,18%,25%,14%,17%,18%,,,21%,,,,,,,,,,,,,,,,,,,,,,,,,,,,
,,,,,,,,,,,,,,,,,,,,,,,,,,,,,50%,,,42%,39%,44%,35%,42%,34%,38%,35%,34%,31%,36%,33%,24%,35%,39%,36%,25%,21%,20%,26%,27%,33%,23%,17%,18%,24%,19%,21%,18%,25%,14%,17%,18%,,,21%,,,,,,,,,,,,,,,,,,,,,,,,,,,,
,,,,,,,,,,,,,,,,,,,,,,,,,,,,,49%,,,43%,39%,44%,35%,42%,34%,38%,35%,33%,32%,36%,33%,23%,35%,39%,35%,24%,21%,20%,26%,27%,33%,23%,17%,18%,24%,19%,21%,18%,24%,15%,17%,18%,,,21%,,,,,,,,,,,,,,,,,,,,,,,,,,,,
,,,,,,,,,,,,,,,,,,,,,,,,,,,,,49%,,,43%,39%,44%,35%,42%,34%,38%,35%,34%,32%,37%,34%,24%,35%,39%,35%,25%,21%,20%,25%,26%,33%,23%,17%,18%,24%,19%,22%,18%,24%,15%,17%,18%,,,21%,,,,,,,,,,,,,,,,,,,,,,,,,,,,
,,,,,,,,,,,,,,,,,,,,,,,,,,,,,49%,,,43%,39%,43%,35%,43%,34%,38%,36%,34%,31%,37%,34%,24%,35%,39%,35%,25%,21%,20%,25%,27%,33%,23%,17%,18%,24%,19%,22%,19%,24%,14%,17%,18%,,,21%,,,,,,,,,,,,,,,,,,,,,,,,,,,,
,,,,,,,,,,,,,,,,,,,,,,,,,,,,,49%,,,44%,38%,43%,35%,43%,34%,38%,36%,34%,31%,37%,34%,24%,34%,38%,35%,25%,21%,20%,25%,27%,33%,23%,17%,18%,24%,19%,22%,19%,25%,14%,17%,18%,,,21%,,,,,,,,,,,,,,,,,,,,,,,,,,,,
,,,,,,,,,,,,,,,,,,,,,,,,,,,,,49%,,,44%,38%,43%,36%,43%,34%,38%,36%,34%,31%,37%,34%,24%,34%,39%,35%,25%,21%,20%,26%,27%,33%,22%,17%,18%,24%,19%,22%,19%,25%,14%,17%,18%,,,21%,,,,,,,,,,,,,,,,,,,,,,,,,,,,
,,,,,,,,,,,,,,,,,,,,,,,,,,,,,49%,,,44%,38%,43%,36%,43%,34%,38%,36%,34%,31%,37%,35%,24%,35%,39%,35%,25%,21%,20%,25%,27%,32%,22%,17%,19%,24%,19%,22%,19%,25%,14%,17%,18%,,,21%,,,,,,,,,,,,,,,,,,,,,,,,,,,,
,,,,,,,,,,,,,,,,,,,,,,,,,,,,,48%,,,43%,38%,43%,36%,43%,34%,38%,36%,33%,31%,37%,34%,24%,34%,39%,35%,25%,21%,20%,26%,27%,32%,22%,17%,19%,24%,19%,22%,19%,25%,14%,17%,18%,,,21%,,,,,,,,,,,,,,,,,,,,,,,,,,,,
,,,,,,,,,,,,,,,,,,,,,,,,,,,,,49%,,,43%,38%,43%,36%,43%,34%,38%,36%,33%,31%,37%,34%,24%,34%,39%,35%,26%,21%,20%,26%,27%,33%,22%,17%,19%,24%,19%,22%,19%,25%,14%,17%,18%,,,21%,,,,,,,,,,,,,,,,,,,,,,,,,,,,
,,,,,,,,,,,,,,,,,,,,,,,,,,,,,49%,,,44%,38%,43%,36%,44%,34%,38%,36%,33%,32%,38%,34%,24%,34%,39%,35%,26%,21%,20%,26%,26%,32%,22%,17%,18%,24%,18%,22%,20%,24%,14%,16%,18%,,,20%,,,,,,,,,,,,,,,,,,,,,,,,,,,,
,,,,,,,,,,,,,,,,,,,,,,,,,,,,,49%,,,43%,37%,43%,36%,44%,34%,38%,36%,33%,31%,37%,34%,24%,34%,39%,35%,26%,21%,20%,25%,26%,32%,22%,17%,18%,23%,18%,22%,19%,24%,14%,16%,18%,,,20%,,,,,,,,,,,,,,,,,,,,,,,,,,,,
,,,,,,,,,,,,,,,,,,,,,,,,,,,,,50%,,,44%,37%,44%,36%,44%,34%,38%,36%,33%,31%,37%,34%,24%,35%,39%,35%,26%,21%,20%,25%,27%,32%,22%,17%,18%,23%,18%,22%,19%,24%,14%,16%,18%,,,20%,,,,,,,,,,,,,,,,,,,,,,,,,,,,
,,,,,,,,,,,,,,,,,,,,,,,,,,,,,49%,,,43%,37%,44%,36%,43%,34%,37%,36%,33%,31%,37%,34%,24%,34%,38%,34%,26%,21%,20%,26%,27%,32%,22%,17%,19%,23%,18%,23%,19%,24%,14%,16%,18%,,,20%,,,,,,,,,,,,,,,,,,,,,,,,,,,,
,,,,,,,,,,,,,,,,,,,,,,,,,,,,,50%,,,43%,38%,44%,36%,44%,34%,37%,37%,33%,31%,37%,34%,25%,35%,38%,35%,26%,21%,20%,25%,26%,32%,22%,17%,19%,24%,18%,23%,19%,24%,14%,16%,18%,,,20%,,,,,,,,,,,,,,,,,,,,,,,,,,,,
,,,,,,,,,,,,,,,,,,,,,,,,,,,,,49%,,,43%,38%,44%,37%,44%,34%,37%,37%,34%,31%,37%,34%,24%,35%,39%,35%,26%,21%,20%,25%,26%,32%,21%,18%,19%,23%,18%,22%,20%,24%,14%,17%,19%,,,20%,,,,,,,,,,,,,,,,,,,,,,,,,,,,
,,,,,,,,,,,,,,,,,,,,,,,,,,,,,49%,,,43%,38%,44%,37%,44%,33%,37%,37%,33%,32%,36%,34%,24%,35%,38%,35%,26%,21%,20%,25%,26%,32%,21%,17%,18%,24%,18%,23%,19%,24%,14%,17%,18%,,,20%,,,,,,,,,,,,,,,,,,,,,,,,,,,,
,,,,,,,,,,,,,,,,,,,,,,,,,,,,,49%,,,43%,38%,44%,37%,44%,33%,37%,37%,33%,31%,37%,34%,25%,35%,38%,35%,26%,21%,20%,25%,26%,31%,21%,17%,19%,24%,18%,23%,20%,24%,14%,16%,18%,,,20%,,,,,,,,,,,,,,,,,,,,,,,,,,,,
,,,,,,,,,,,,,,,,,,,,,,,,,,,,,49%,,,43%,38%,44%,37%,44%,34%,37%,37%,33%,31%,37%,34%,25%,35%,38%,35%,25%,22%,20%,25%,26%,32%,22%,17%,19%,24%,18%,23%,20%,24%,13%,16%,18%,,,20%,,,,,,,,,,,,,,,,,,,,,,,,,,,,
,,,,,,,,,,,,,,,,,,,,,,,,,,,,,49%,,,43%,38%,44%,36%,44%,33%,37%,36%,33%,32%,36%,33%,24%,34%,38%,35%,25%,22%,20%,25%,26%,32%,22%,17%,19%,24%,18%,23%,20%,24%,13%,16%,19%,,,20%,,,,,,,,,,,,,,,,,,,,,,,,,,,,
,,,,,,,,,,,,,,,,,,,,,,,,,,,,,49%,,,43%,38%,44%,36%,44%,34%,37%,37%,33%,32%,36%,33%,24%,34%,38%,35%,25%,21%,20%,25%,27%,32%,21%,17%,19%,24%,18%,23%,20%,24%,14%,16%,19%,,,20%,,,,,,,,,,,,,,,,,,,,,,,,,,,,
,,,,,,,,,,,,,,,,,,,,,,,,,,,,,49%,,,43%,38%,44%,36%,45%,34%,37%,37%,33%,32%,36%,33%,24%,35%,38%,36%,25%,21%,20%,25%,27%,32%,21%,17%,19%,24%,18%,23%,20%,24%,14%,17%,18%,,,20%,,,,,,,,,,,,,,,,,,,,,,,,,,,,
,,,,,,,,,,,,,,,,,,,,,,,,,,,,,49%,,,43%,38%,44%,36%,44%,33%,37%,37%,33%,33%,36%,33%,24%,34%,38%,35%,25%,21%,20%,25%,27%,32%,22%,17%,19%,24%,18%,23%,20%,24%,14%,17%,19%,,,20%,,,,,,,,,,,,,,,,,,,,,,,,,,,,
,,,,,,,,,,,,,,,,,,,,,,,,,,,,,49%,,,43%,38%,44%,36%,44%,33%,37%,37%,33%,32%,37%,33%,24%,35%,38%,35%,25%,21%,20%,25%,27%,32%,22%,17%,19%,24%,18%,23%,20%,24%,14%,16%,19%,,,,,,,,,,,,,,,,,,,,,,,,,,,,,,,
,,,,,,,,,,,,,,,,,,,,,,,,,,,,,49%,,,43%,38%,43%,36%,44%,33%,37%,36%,33%,33%,37%,33%,24%,35%,38%,36%,25%,21%,20%,25%,27%,32%,22%,17%,20%,25%,18%,24%,20%,24%,14%,17%,19%,,,,,,,,,,,,,,,,,,,,,,,,,,,,,,,
,,,,,,,,,,,,,,,,,,,,,,,,,,,,,,,,43%,39%,43%,36%,44%,33%,37%,37%,33%,33%,37%,33%,24%,35%,38%,35%,25%,22%,20%,25%,27%,32%,22%,17%,20%,25%,18%,24%,20%,24%,14%,17%,19%,,,,,,,,,,,,,,,,,,,,,,,,,,,,,,,
,,,,,,,,,,,,,,,,,,,,,,,,,,,,,,,,44%,38%,43%,36%,44%,34%,37%,37%,33%,33%,37%,33%,24%,35%,38%,35%,25%,22%,20%,25%,27%,32%,22%,17%,20%,25%,18%,24%,20%,24%,14%,17%,19%,,,,,,,,,,,,,,,,,,,,,,,,,,,,,,,
,,,,,,,,,,,,,,,,,,,,,,,,,,,,,,,,43%,39%,43%,36%,44%,34%,36%,37%,33%,33%,37%,33%,24%,35%,38%,35%,25%,22%,20%,25%,27%,32%,22%,17%,20%,25%,18%,24%,20%,24%,14%,17%,18%,,,,,,,,,,,,,,,,,,,,,,,,,,,,,,,
,,,,,,,,,,,,,,,,,,,,,,,,,,,,,,,,44%,39%,43%,36%,44%,34%,36%,37%,33%,33%,37%,33%,24%,35%,38%,35%,25%,22%,20%,25%,27%,32%,22%,17%,20%,25%,17%,24%,20%,24%,14%,17%,18%,,,,,,,,,,,,,,,,,,,,,,,,,,,,,,,
,,,,,,,,,,,,,,,,,,,,,,,,,,,,,,,,43%,38%,43%,36%,43%,34%,36%,37%,32%,33%,37%,33%,24%,35%,38%,35%,26%,22%,20%,25%,27%,32%,22%,17%,20%,25%,18%,24%,20%,24%,14%,16%,19%,,,,,,,,,,,,,,,,,,,,,,,,,,,,,,,
,,,,,,,,,,,,,,,,,,,,,,,,,,,,,,,,43%,39%,43%,36%,44%,34%,36%,37%,33%,33%,38%,33%,24%,35%,38%,35%,26%,22%,20%,25%,28%,32%,22%,17%,20%,25%,18%,24%,20%,24%,14%,16%,19%,,,,,,,,,,,,,,,,,,,,,,,,,,,,,,,
,,,,,,,,,,,,,,,,,,,,,,,,,,,,,,,,43%,38%,43%,36%,44%,34%,36%,37%,33%,33%,38%,33%,24%,35%,38%,36%,26%,22%,19%,25%,28%,32%,22%,17%,20%,24%,19%,24%,20%,24%,14%,16%,19%,,,,,,,,,,,,,,,,,,,,,,,,,,,,,,,
,,,,,,,,,,,,,,,,,,,,,,,,,,,,,,,,44%,39%,43%,36%,44%,34%,36%,36%,33%,33%,38%,32%,24%,35%,38%,36%,26%,22%,19%,25%,27%,32%,22%,17%,20%,24%,18%,23%,20%,25%,14%,16%,18%,,,,,,,,,,,,,,,,,,,,,,,,,,,,,,,
,,,,,,,,,,,,,,,,,,,,,,,,,,,,,,,,44%,39%,43%,37%,43%,34%,35%,37%,33%,33%,38%,32%,24%,35%,38%,36%,26%,22%,19%,25%,27%,31%,22%,17%,20%,24%,18%,23%,20%,25%,13%,16%,18%,,,,,,,,,,,,,,,,,,,,,,,,,,,,,,,
,,,,,,,,,,,,,,,,,,,,,,,,,,,,,,,,44%,39%,43%,37%,44%,33%,35%,37%,33%,33%,38%,33%,24%,35%,38%,36%,26%,22%,19%,25%,27%,31%,22%,17%,20%,24%,18%,23%,20%,25%,13%,17%,18%,,,,,,,,,,,,,,,,,,,,,,,,,,,,,,,
,,,,,,,,,,,,,,,,,,,,,,,,,,,,,,,,44%,39%,43%,36%,44%,33%,35%,37%,33%,33%,38%,32%,24%,36%,38%,36%,26%,22%,19%,24%,27%,32%,22%,16%,20%,24%,19%,23%,20%,25%,13%,16%,19%,,,,,,,,,,,,,,,,,,,,,,,,,,,,,,,
,,,,,,,,,,,,,,,,,,,,,,,,,,,,,,,,43%,39%,42%,36%,44%,34%,35%,38%,33%,33%,38%,32%,24%,35%,38%,37%,27%,22%,19%,25%,27%,31%,22%,17%,19%,24%,19%,23%,19%,25%,13%,16%,19%,,,,,,,,,,,,,,,,,,,,,,,,,,,,,,,
,,,,,,,,,,,,,,,,,,,,,,,,,,,,,,,,44%,39%,42%,36%,44%,33%,35%,37%,33%,33%,38%,32%,25%,35%,38%,37%,26%,22%,19%,25%,27%,31%,22%,17%,19%,24%,19%,23%,19%,25%,14%,16%,19%,,,,,,,,,,,,,,,,,,,,,,,,,,,,,,,
,,,,,,,,,,,,,,,,,,,,,,,,,,,,,,,,44%,39%,43%,36%,45%,34%,35%,37%,33%,33%,38%,32%,25%,35%,38%,36%,27%,21%,19%,25%,27%,31%,22%,17%,19%,24%,18%,24%,19%,25%,14%,16%,20%,,,,,,,,,,,,,,,,,,,,,,,,,,,,,,,
,,,,,,,,,,,,,,,,,,,,,,,,,,,,,,,,44%,39%,42%,36%,45%,34%,34%,37%,33%,33%,38%,32%,24%,35%,38%,36%,27%,21%,19%,25%,27%,31%,22%,17%,19%,24%,19%,24%,19%,24%,14%,16%,20%,,,,,,,,,,,,,,,,,,,,,,,,,,,,,,,
,,,,,,,,,,,,,,,,,,,,,,,,,,,,,,,,44%,39%,42%,37%,44%,33%,35%,37%,33%,33%,38%,32%,24%,35%,37%,36%,27%,21%,19%,25%,27%,31%,23%,17%,20%,24%,19%,24%,19%,24%,13%,16%,20%,,,,,,,,,,,,,,,,,,,,,,,,,,,,,,,
,,,,,,,,,,,,,,,,,,,,,,,,,,,,,,,,44%,39%,42%,36%,44%,34%,35%,37%,33%,33%,38%,32%,25%,35%,38%,36%,26%,21%,19%,25%,27%,31%,23%,17%,19%,24%,19%,24%,19%,24%,13%,16%,19%,,,,,,,,,,,,,,,,,,,,,,,,,,,,,,,
,,,,,,,,,,,,,,,,,,,,,,,,,,,,,,,,44%,38%,42%,36%,44%,34%,35%,37%,33%,33%,38%,32%,25%,35%,38%,36%,27%,21%,19%,25%,27%,31%,22%,17%,20%,24%,19%,24%,19%,24%,14%,16%,19%,,,,,,,,,,,,,,,,,,,,,,,,,,,,,,,
,,,,,,,,,,,,,,,,,,,,,,,,,,,,,,,,44%,38%,42%,36%,44%,34%,35%,37%,33%,33%,38%,32%,25%,35%,37%,36%,27%,21%,19%,25%,27%,31%,22%,17%,20%,24%,19%,24%,19%,24%,14%,16%,19%,,,,,,,,,,,,,,,,,,,,,,,,,,,,,,,
,,,,,,,,,,,,,,,,,,,,,,,,,,,,,,,,44%,38%,42%,36%,44%,34%,35%,37%,33%,33%,38%,32%,25%,35%,37%,36%,27%,21%,19%,25%,27%,31%,23%,17%,20%,24%,19%,24%,19%,24%,14%,16%,19%,,,,,,,,,,,,,,,,,,,,,,,,,,,,,,,
,,,,,,,,,,,,,,,,,,,,,,,,,,,,,,,,44%,38%,42%,36%,43%,34%,36%,37%,33%,33%,38%,31%,25%,35%,37%,36%,27%,21%,19%,26%,27%,31%,23%,17%,20%,24%,20%,24%,19%,24%,14%,17%,20%,,,,,,,,,,,,,,,,,,,,,,,,,,,,,,,
,,,,,,,,,,,,,,,,,,,,,,,,,,,,,,,,44%,38%,42%,36%,44%,34%,36%,37%,33%,33%,38%,31%,25%,35%,37%,36%,27%,21%,19%,25%,27%,31%,22%,17%,19%,25%,19%,24%,19%,24%,14%,17%,19%,,,,,,,,,,,,,,,,,,,,,,,,,,,,,,,
,,,,,,,,,,,,,,,,,,,,,,,,,,,,,,,,44%,38%,42%,36%,44%,34%,35%,37%,33%,34%,38%,31%,25%,35%,37%,36%,27%,21%,19%,25%,27%,30%,22%,17%,19%,25%,20%,24%,19%,24%,14%,17%,19%,,,,,,,,,,,,,,,,,,,,,,,,,,,,,,,
,,,,,,,,,,,,,,,,,,,,,,,,,,,,,,,,45%,39%,42%,36%,44%,34%,36%,37%,34%,34%,38%,32%,25%,35%,37%,36%,27%,21%,20%,26%,27%,31%,22%,17%,19%,25%,20%,24%,19%,24%,14%,17%,19%,,,,,,,,,,,,,,,,,,,,,,,,,,,,,,,
,,,,,,,,,,,,,,,,,,,,,,,,,,,,,,,,44%,38%,42%,36%,44%,34%,36%,37%,34%,34%,38%,31%,25%,35%,37%,36%,27%,22%,20%,26%,27%,31%,22%,18%,19%,25%,20%,25%,19%,23%,14%,17%,19%,,,,,,,,,,,,,,,,,,,,,,,,,,,,,,,
,,,,,,,,,,,,,,,,,,,,,,,,,,,,,,,,44%,39%,42%,36%,43%,34%,36%,37%,34%,34%,38%,31%,25%,35%,37%,36%,28%,22%,20%,26%,27%,30%,22%,18%,20%,25%,20%,25%,19%,23%,14%,18%,,,,,,,,,,,,,,,,,,,,,,,,,,,,,,,,
,,,,,,,,,,,,,,,,,,,,,,,,,,,,,,,,44%,39%,42%,36%,43%,34%,36%,37%,34%,34%,37%,31%,24%,35%,37%,36%,27%,22%,20%,26%,27%,30%,22%,17%,20%,25%,20%,25%,19%,23%,14%,17%,,,,,,,,,,,,,,,,,,,,,,,,,,,,,,,,
,,,,,,,,,,,,,,,,,,,,,,,,,,,,,,,,,39%,42%,36%,43%,34%,36%,37%,34%,34%,37%,31%,24%,35%,36%,36%,27%,22%,20%,26%,27%,30%,23%,17%,20%,25%,19%,25%,19%,23%,14%,18%,,,,,,,,,,,,,,,,,,,,,,,,,,,,,,,,
,,,,,,,,,,,,,,,,,,,,,,,,,,,,,,,,,39%,42%,36%,43%,34%,35%,37%,34%,34%,37%,31%,24%,35%,36%,35%,27%,22%,20%,26%,27%,30%,23%,17%,20%,25%,19%,25%,19%,23%,14%,18%,,,,,,,,,,,,,,,,,,,,,,,,,,,,,,,,
,,,,,,,,,,,,,,,,,,,,,,,,,,,,,,,,,39%,41%,36%,43%,34%,36%,37%,34%,34%,37%,31%,24%,35%,36%,35%,27%,22%,20%,26%,27%,30%,23%,17%,20%,25%,19%,25%,18%,23%,14%,18%,,,,,,,,,,,,,,,,,,,,,,,,,,,,,,,,
,,,,,,,,,,,,,,,,,,,,,,,,,,,,,,,,,39%,42%,37%,42%,34%,36%,37%,35%,34%,37%,31%,24%,35%,36%,35%,27%,22%,20%,26%,27%,30%,23%,17%,20%,25%,19%,25%,18%,23%,14%,18%,,,,,,,,,,,,,,,,,,,,,,,,,,,,,,,,
,,,,,,,,,,,,,,,,,,,,,,,,,,,,,,,,,39%,42%,37%,43%,34%,36%,37%,35%,34%,37%,31%,24%,35%,36%,35%,27%,22%,20%,26%,27%,30%,23%,17%,20%,25%,20%,25%,18%,23%,14%,18%,,,,,,,,,,,,,,,,,,,,,,,,,,,,,,,,
,,,,,,,,,,,,,,,,,,,,,,,,,,,,,,,,,39%,42%,36%,43%,34%,36%,37%,35%,34%,36%,31%,25%,35%,36%,35%,27%,21%,19%,26%,27%,30%,23%,17%,20%,25%,19%,25%,18%,23%,14%,18%,,,,,,,,,,,,,,,,,,,,,,,,,,,,,,,,
,,,,,,,,,,,,,,,,,,,,,,,,,,,,,,,,,39%,42%,37%,43%,34%,35%,37%,35%,34%,36%,31%,25%,35%,35%,35%,27%,21%,19%,27%,27%,30%,23%,17%,20%,25%,19%,25%,19%,23%,14%,18%,,,,,,,,,,,,,,,,,,,,,,,,,,,,,,,,
,,,,,,,,,,,,,,,,,,,,,,,,,,,,,,,,,39%,41%,37%,43%,35%,36%,37%,35%,34%,36%,31%,25%,35%,36%,35%,28%,22%,19%,27%,27%,30%,24%,17%,20%,24%,19%,25%,18%,23%,14%,18%,,,,,,,,,,,,,,,,,,,,,,,,,,,,,,,,
,,,,,,,,,,,,,,,,,,,,,,,,,,,,,,,,,40%,42%,37%,43%,35%,36%,37%,36%,34%,36%,31%,25%,35%,36%,34%,28%,22%,19%,26%,27%,30%,24%,18%,20%,24%,20%,25%,18%,23%,14%,18%,,,,,,,,,,,,,,,,,,,,,,,,,,,,,,,,
,,,,,,,,,,,,,,,,,,,,,,,,,,,,,,,,,39%,41%,37%,43%,35%,36%,37%,36%,34%,36%,31%,25%,35%,36%,34%,28%,22%,19%,27%,27%,30%,24%,18%,20%,24%,20%,25%,18%,23%,14%,18%,,,,,,,,,,,,,,,,,,,,,,,,,,,,,,,,
,,,,,,,,,,,,,,,,,,,,,,,,,,,,,,,,,40%,41%,37%,42%,35%,36%,37%,36%,34%,36%,31%,25%,35%,36%,34%,28%,22%,19%,27%,27%,30%,24%,17%,20%,24%,19%,25%,18%,23%,14%,17%,,,,,,,,,,,,,,,,,,,,,,,,,,,,,,,,
,,,,,,,,,,,,,,,,,,,,,,,,,,,,,,,,,40%,41%,37%,43%,35%,36%,37%,36%,34%,36%,30%,25%,35%,36%,34%,28%,22%,19%,27%,26%,30%,24%,18%,20%,24%,19%,25%,18%,23%,14%,17%,,,,,,,,,,,,,,,,,,,,,,,,,,,,,,,,
,,,,,,,,,,,,,,,,,,,,,,,,,,,,,,,,,40%,41%,37%,43%,35%,36%,37%,36%,34%,36%,31%,25%,35%,36%,34%,28%,22%,19%,27%,26%,30%,24%,18%,20%,24%,19%,26%,19%,22%,14%,17%,,,,,,,,,,,,,,,,,,,,,,,,,,,,,,,,
,,,,,,,,,,,,,,,,,,,,,,,,,,,,,,,,,40%,41%,37%,43%,35%,36%,37%,36%,35%,36%,31%,25%,35%,36%,34%,28%,22%,19%,27%,26%,29%,24%,18%,20%,24%,19%,25%,19%,22%,14%,17%,,,,,,,,,,,,,,,,,,,,,,,,,,,,,,,,
,,,,,,,,,,,,,,,,,,,,,,,,,,,,,,,,,40%,41%,37%,43%,34%,36%,38%,36%,34%,36%,30%,25%,35%,36%,34%,28%,22%,19%,27%,26%,29%,24%,18%,20%,24%,19%,25%,19%,22%,14%,17%,,,,,,,,,,,,,,,,,,,,,,,,,,,,,,,,
,,,,,,,,,,,,,,,,,,,,,,,,,,,,,,,,,40%,41%,37%,43%,34%,35%,38%,36%,35%,36%,30%,25%,35%,36%,34%,28%,22%,19%,27%,26%,29%,24%,18%,21%,24%,19%,25%,19%,22%,14%,17%,,,,,,,,,,,,,,,,,,,,,,,,,,,,,,,,
,,,,,,,,,,,,,,,,,,,,,,,,,,,,,,,,,40%,41%,38%,43%,34%,36%,38%,36%,34%,36%,30%,24%,35%,36%,34%,28%,22%,19%,27%,27%,29%,24%,18%,21%,24%,19%,25%,19%,22%,14%,17%,,,,,,,,,,,,,,,,,,,,,,,,,,,,,,,,
,,,,,,,,,,,,,,,,,,,,,,,,,,,,,,,,,40%,41%,37%,43%,34%,36%,38%,36%,35%,37%,31%,25%,35%,36%,34%,28%,22%,19%,27%,27%,29%,24%,18%,20%,24%,19%,25%,19%,22%,14%,17%,,,,,,,,,,,,,,,,,,,,,,,,,,,,,,,,
,,,,,,,,,,,,,,,,,,,,,,,,,,,,,,,,,40%,41%,37%,43%,34%,35%,38%,36%,35%,37%,30%,25%,35%,35%,34%,28%,22%,20%,27%,27%,29%,24%,18%,20%,24%,19%,25%,19%,22%,14%,17%,,,,,,,,,,,,,,,,,,,,,,,,,,,,,,,,
,,,,,,,,,,,,,,,,,,,,,,,,,,,,,,,,,40%,41%,38%,43%,34%,36%,38%,36%,35%,36%,30%,25%,36%,35%,34%,28%,22%,20%,27%,26%,29%,24%,18%,21%,24%,19%,26%,19%,22%,14%,17%,,,,,,,,,,,,,,,,,,,,,,,,,,,,,,,,
,,,,,,,,,,,,,,,,,,,,,,,,,,,,,,,,,40%,41%,37%,43%,34%,35%,37%,35%,35%,36%,31%,24%,35%,35%,34%,27%,22%,20%,27%,26%,29%,24%,18%,21%,24%,19%,26%,19%,22%,15%,17%,,,,,,,,,,,,,,,,,,,,,,,,,,,,,,,,
,,,,,,,,,,,,,,,,,,,,,,,,,,,,,,,,,40%,41%,38%,43%,35%,35%,37%,36%,35%,36%,31%,24%,35%,35%,34%,28%,22%,20%,27%,27%,29%,24%,18%,21%,24%,19%,25%,19%,22%,14%,17%,,,,,,,,,,,,,,,,,,,,,,,,,,,,,,,,
,,,,,,,,,,,,,,,,,,,,,,,,,,,,,,,,,40%,41%,38%,43%,34%,36%,37%,36%,35%,36%,31%,24%,35%,35%,34%,28%,22%,20%,27%,27%,29%,24%,18%,20%,25%,19%,25%,19%,22%,14%,17%,,,,,,,,,,,,,,,,,,,,,,,,,,,,,,,,
,,,,,,,,,,,,,,,,,,,,,,,,,,,,,,,,,40%,42%,38%,43%,34%,35%,37%,36%,35%,36%,31%,25%,35%,35%,34%,28%,22%,20%,26%,26%,29%,25%,18%,21%,25%,19%,25%,19%,22%,14%,17%,,,,,,,,,,,,,,,,,,,,,,,,,,,,,,,,
,,,,,,,,,,,,,,,,,,,,,,,,,,,,,,,,,41%,42%,38%,42%,34%,35%,37%,36%,35%,36%,30%,24%,35%,35%,34%,28%,21%,20%,26%,26%,29%,24%,18%,21%,24%,19%,25%,19%,22%,14%,17%,,,,,,,,,,,,,,,,,,,,,,,,,,,,,,,,
,,,,,,,,,,,,,,,,,,,,,,,,,,,,,,,,,40%,42%,37%,43%,34%,36%,37%,36%,35%,36%,30%,24%,35%,36%,34%,28%,21%,20%,26%,27%,28%,24%,18%,21%,24%,19%,25%,19%,22%,15%,17%,,,,,,,,,,,,,,,,,,,,,,,,,,,,,,,,
,,,,,,,,,,,,,,,,,,,,,,,,,,,,,,,,,40%,42%,38%,43%,34%,36%,37%,36%,35%,36%,30%,24%,35%,35%,34%,28%,21%,20%,26%,27%,28%,24%,18%,21%,25%,19%,25%,19%,22%,15%,18%,,,,,,,,,,,,,,,,,,,,,,,,,,,,,,,,
,,,,,,,,,,,,,,,,,,,,,,,,,,,,,,,,,41%,42%,38%,43%,34%,36%,37%,36%,35%,36%,30%,24%,35%,35%,34%,28%,22%,20%,26%,27%,28%,24%,18%,20%,25%,19%,25%,19%,22%,14%,17%,,,,,,,,,,,,,,,,,,,,,,,,,,,,,,,,
,,,,,,,,,,,,,,,,,,,,,,,,,,,,,,,,,40%,42%,38%,43%,34%,36%,37%,37%,34%,36%,30%,24%,34%,36%,34%,28%,22%,20%,26%,27%,28%,24%,18%,21%,24%,19%,25%,19%,22%,14%,17%,,,,,,,,,,,,,,,,,,,,,,,,,,,,,,,,
,,,,,,,,,,,,,,,,,,,,,,,,,,,,,,,,,40%,42%,38%,43%,34%,36%,37%,37%,34%,37%,30%,24%,35%,36%,34%,28%,22%,20%,26%,27%,28%,24%,18%,21%,24%,20%,25%,19%,23%,14%,17%,,,,,,,,,,,,,,,,,,,,,,,,,,,,,,,,
,,,,,,,,,,,,,,,,,,,,,,,,,,,,,,,,,40%,42%,38%,43%,34%,36%,37%,37%,34%,37%,31%,24%,35%,36%,34%,28%,22%,20%,26%,27%,28%,24%,18%,21%,24%,19%,25%,19%,22%,15%,17%,,,,,,,,,,,,,,,,,,,,,,,,,,,,,,,,
,,,,,,,,,,,,,,,,,,,,,,,,,,,,,,,,,41%,42%,38%,44%,34%,36%,37%,37%,34%,37%,31%,24%,34%,36%,34%,28%,22%,20%,26%,27%,28%,24%,18%,21%,24%,20%,25%,19%,22%,15%,17%,,,,,,,,,,,,,,,,,,,,,,,,,,,,,,,,
,,,,,,,,,,,,,,,,,,,,,,,,,,,,,,,,,41%,42%,39%,43%,35%,36%,37%,37%,34%,36%,31%,24%,35%,36%,34%,28%,22%,20%,26%,28%,28%,24%,18%,21%,24%,20%,25%,19%,22%,15%,17%,,,,,,,,,,,,,,,,,,,,,,,,,,,,,,,,
,,,,,,,,,,,,,,,,,,,,,,,,,,,,,,,,,41%,42%,39%,43%,35%,36%,37%,37%,34%,36%,31%,24%,35%,36%,34%,28%,22%,20%,26%,28%,28%,24%,18%,21%,24%,20%,25%,19%,22%,15%,17%,,,,,,,,,,,,,,,,,,,,,,,,,,,,,,,,
,,,,,,,,,,,,,,,,,,,,,,,,,,,,,,,,,41%,42%,38%,43%,35%,36%,37%,37%,34%,36%,30%,24%,35%,36%,34%,28%,22%,20%,26%,28%,28%,24%,18%,21%,24%,20%,25%,19%,22%,15%,17%,,,,,,,,,,,,,,,,,,,,,,,,,,,,,,,,
,,,,,,,,,,,,,,,,,,,,,,,,,,,,,,,,,41%,43%,38%,43%,35%,36%,38%,36%,35%,36%,31%,24%,35%,36%,34%,27%,22%,20%,26%,28%,28%,25%,18%,21%,24%,19%,25%,19%,22%,15%,17%,,,,,,,,,,,,,,,,,,,,,,,,,,,,,,,,
,,,,,,,,,,,,,,,,,,,,,,,,,,,,,,,,,,43%,38%,,35%,36%,37%,36%,35%,37%,31%,24%,35%,36%,34%,27%,22%,20%,26%,28%,28%,24%,18%,21%,24%,20%,25%,20%,22%,15%,18%,,,,,,,,,,,,,,,,,,,,,,,,,,,,,,,,
,,,,,,,,,,,,,,,,,,,,,,,,,,,,,,,,,,43%,38%,,35%,36%,37%,36%,34%,37%,31%,25%,35%,36%,34%,27%,22%,20%,26%,28%,28%,25%,18%,21%,24%,20%,25%,20%,23%,15%,18%,,,,,,,,,,,,,,,,,,,,,,,,,,,,,,,,
,,,,,,,,,,,,,,,,,,,,,,,,,,,,,,,,,,43%,39%,,35%,36%,37%,36%,35%,37%,31%,25%,35%,36%,34%,27%,22%,20%,26%,28%,28%,25%,18%,21%,24%,20%,25%,20%,22%,15%,,,,,,,,,,,,,,,,,,,,,,,,,,,,,,,,,
,,,,,,,,,,,,,,,,,,,,,,,,,,,,,,,,,,43%,39%,,35%,36%,37%,36%,35%,37%,31%,25%,35%,36%,34%,27%,22%,20%,26%,28%,28%,25%,17%,21%,24%,20%,25%,20%,23%,15%,,,,,,,,,,,,,,,,,,,,,,,,,,,,,,,,,
,,,,,,,,,,,,,,,,,,,,,,,,,,,,,,,,,,43%,39%,,35%,36%,37%,37%,35%,37%,30%,24%,35%,37%,34%,27%,22%,20%,26%,28%,28%,25%,17%,21%,24%,20%,24%,20%,23%,15%,,,,,,,,,,,,,,,,,,,,,,,,,,,,,,,,,
,,,,,,,,,,,,,,,,,,,,,,,,,,,,,,,,,,43%,39%,,35%,36%,37%,36%,35%,37%,31%,25%,35%,36%,34%,27%,22%,20%,26%,28%,28%,25%,17%,21%,24%,19%,25%,19%,23%,14%,,,,,,,,,,,,,,,,,,,,,,,,,,,,,,,,,
,,,,,,,,,,,,,,,,,,,,,,,,,,,,,,,,,,44%,39%,,35%,36%,37%,37%,35%,37%,31%,25%,35%,36%,34%,27%,22%,20%,26%,28%,28%,25%,18%,21%,24%,20%,25%,19%,23%,15%,,,,,,,,,,,,,,,,,,,,,,,,,,,,,,,,,
,,,,,,,,,,,,,,,,,,,,,,,,,,,,,,,,,,44%,39%,,35%,35%,36%,37%,35%,37%,31%,25%,35%,36%,34%,27%,22%,20%,26%,28%,28%,25%,18%,22%,24%,20%,25%,19%,22%,15%,,,,,,,,,,,,,,,,,,,,,,,,,,,,,,,,,
,,,,,,,,,,,,,,,,,,,,,,,,,,,,,,,,,,43%,40%,,35%,36%,36%,37%,35%,37%,31%,26%,35%,37%,34%,27%,22%,20%,26%,28%,28%,25%,17%,22%,23%,20%,24%,19%,22%,15%,,,,,,,,,,,,,,,,,,,,,,,,,,,,,,,,,
,,,,,,,,,,,,,,,,,,,,,,,,,,,,,,,,,,43%,39%,,35%,36%,36%,37%,35%,37%,31%,26%,35%,37%,34%,27%,22%,20%,26%,28%,28%,25%,17%,22%,23%,20%,24%,19%,22%,15%,,,,,,,,,,,,,,,,,,,,,,,,,,,,,,,,,
,,,,,,,,,,,,,,,,,,,,,,,,,,,,,,,,,,43%,39%,,35%,36%,36%,37%,35%,37%,31%,26%,35%,36%,34%,27%,22%,19%,26%,28%,27%,25%,17%,22%,23%,19%,,19%,22%,15%,,,,,,,,,,,,,,,,,,,,,,,,,,,,,,,,,
,,,,,,,,,,,,,,,,,,,,,,,,,,,,,,,,,,43%,39%,,35%,36%,36%,37%,35%,37%,31%,26%,35%,37%,34%,27%,22%,19%,26%,28%,27%,25%,18%,22%,23%,19%,,19%,22%,15%,,,,,,,,,,,,,,,,,,,,,,,,,,,,,,,,,
,,,,,,,,,,,,,,,,,,,,,,,,,,,,,,,,,,43%,39%,,35%,36%,36%,37%,35%,37%,31%,26%,34%,37%,34%,27%,22%,19%,26%,28%,28%,25%,18%,22%,23%,19%,,19%,22%,15%,,,,,,,,,,,,,,,,,,,,,,,,,,,,,,,,,
,,,,,,,,,,,,,,,,,,,,,,,,,,,,,,,,,,43%,39%,,35%,36%,36%,37%,35%,37%,31%,26%,34%,37%,34%,26%,22%,19%,26%,29%,27%,25%,18%,22%,23%,19%,,19%,22%,15%,,,,,,,,,,,,,,,,,,,,,,,,,,,,,,,,,
,,,,,,,,,,,,,,,,,,,,,,,,,,,,,,,,,,43%,39%,,35%,36%,36%,37%,36%,37%,31%,26%,34%,37%,34%,26%,22%,20%,26%,28%,28%,25%,18%,22%,23%,20%,,19%,22%,15%,,,,,,,,,,,,,,,,,,,,,,,,,,,,,,,,,
,,,,,,,,,,,,,,,,,,,,,,,,,,,,,,,,,,43%,39%,,,36%,36%,37%,36%,37%,31%,26%,34%,37%,34%,26%,22%,19%,26%,29%,28%,25%,18%,22%,23%,20%,,19%,22%,15%,,,,,,,,,,,,,,,,,,,,,,,,,,,,,,,,,
,,,,,,,,,,,,,,,,,,,,,,,,,,,,,,,,,,43%,39%,,,36%,36%,37%,36%,37%,31%,26%,35%,37%,34%,27%,22%,20%,26%,29%,28%,25%,18%,21%,23%,20%,,,22%,15%,,,,,,,,,,,,,,,,,,,,,,,,,,,,,,,,,
,,,,,,,,,,,,,,,,,,,,,,,,,,,,,,,,,,43%,39%,,,36%,37%,37%,36%,37%,31%,26%,35%,37%,34%,26%,22%,20%,26%,29%,27%,25%,18%,22%,23%,20%,,,22%,15%,,,,,,,,,,,,,,,,,,,,,,,,,,,,,,,,,
,,,,,,,,,,,,,,,,,,,,,,,,,,,,,,,,,,43%,39%,,,36%,37%,38%,36%,37%,31%,26%,35%,37%,34%,26%,22%,20%,26%,29%,27%,26%,18%,22%,23%,20%,,,22%,15%,,,,,,,,,,,,,,,,,,,,,,,,,,,,,,,,,
,,,,,,,,,,,,,,,,,,,,,,,,,,,,,,,,,,43%,39%,,,36%,37%,38%,36%,37%,31%,26%,35%,37%,34%,26%,22%,20%,26%,29%,27%,26%,19%,22%,23%,20%,,,23%,15%,,,,,,,,,,,,,,,,,,,,,,,,,,,,,,,,,
,,,,,,,,,,,,,,,,,,,,,,,,,,,,,,,,,,43%,39%,,,36%,37%,38%,37%,37%,31%,26%,35%,37%,35%,27%,22%,19%,26%,29%,27%,26%,18%,21%,22%,20%,,,22%,15%,,,,,,,,,,,,,,,,,,,,,,,,,,,,,,,,,
,,,,,,,,,,,,,,,,,,,,,,,,,,,,,,,,,,43%,39%,,,36%,37%,38%,37%,37%,31%,26%,35%,37%,34%,26%,22%,20%,26%,29%,27%,26%,18%,21%,23%,20%,,,22%,15%,,,,,,,,,,,,,,,,,,,,,,,,,,,,,,,,,
,,,,,,,,,,,,,,,,,,,,,,,,,,,,,,,,,,43%,40%,,,36%,37%,38%,37%,37%,31%,26%,35%,37%,34%,27%,22%,20%,26%,29%,27%,26%,18%,21%,23%,20%,,,22%,15%,,,,,,,,,,,,,,,,,,,,,,,,,,,,,,,,,
,,,,,,,,,,,,,,,,,,,,,,,,,,,,,,,,,,43%,40%,,,37%,37%,38%,37%,37%,31%,26%,35%,37%,35%,27%,22%,20%,26%,29%,27%,26%,19%,21%,23%,20%,,,22%,15%,,,,,,,,,,,,,,,,,,,,,,,,,,,,,,,,,
,,,,,,,,,,,,,,,,,,,,,,,,,,,,,,,,,,43%,40%,,,36%,37%,38%,37%,37%,31%,25%,35%,37%,34%,27%,22%,20%,25%,29%,27%,25%,19%,22%,23%,20%,,,22%,15%,,,,,,,,,,,,,,,,,,,,,,,,,,,,,,,,,
,,,,,,,,,,,,,,,,,,,,,,,,,,,,,,,,,,43%,40%,,,36%,37%,38%,37%,37%,31%,25%,35%,37%,34%,27%,22%,19%,26%,29%,27%,25%,18%,21%,22%,20%,,,22%,15%,,,,,,,,,,,,,,,,,,,,,,,,,,,,,,,,,
,,,,,,,,,,,,,,,,,,,,,,,,,,,,,,,,,,43%,40%,,,36%,37%,38%,37%,37%,31%,25%,36%,37%,35%,27%,23%,19%,26%,29%,27%,26%,18%,21%,23%,20%,,,22%,15%,,,,,,,,,,,,,,,,,,,,,,,,,,,,,,,,,
,,,,,,,,,,,,,,,,,,,,,,,,,,,,,,,,,,43%,40%,,,36%,37%,38%,37%,37%,31%,25%,36%,37%,35%,27%,23%,19%,26%,29%,27%,26%,18%,21%,23%,20%,,,,15%,,,,,,,,,,,,,,,,,,,,,,,,,,,,,,,,,
,,,,,,,,,,,,,,,,,,,,,,,,,,,,,,,,,,43%,40%,,,36%,37%,38%,37%,37%,31%,25%,36%,37%,35%,26%,23%,19%,26%,29%,27%,26%,19%,21%,23%,20%,,,,15%,,,,,,,,,,,,,,,,,,,,,,,,,,,,,,,,,
,,,,,,,,,,,,,,,,,,,,,,,,,,,,,,,,,,43%,,,,36%,36%,38%,37%,37%,31%,25%,36%,37%,35%,27%,23%,19%,26%,29%,27%,26%,19%,21%,23%,20%,,,,15%,,,,,,,,,,,,,,,,,,,,,,,,,,,,,,,,,
,,,,,,,,,,,,,,,,,,,,,,,,,,,,,,,,,,43%,,,,36%,37%,38%,37%,37%,31%,26%,35%,37%,35%,27%,23%,19%,26%,29%,27%,26%,19%,21%,23%,20%,,,,15%,,,,,,,,,,,,,,,,,,,,,,,,,,,,,,,,,
,,,,,,,,,,,,,,,,,,,,,,,,,,,,,,,,,,43%,,,,36%,37%,38%,37%,37%,31%,26%,35%,37%,35%,27%,23%,19%,26%,29%,27%,26%,18%,21%,23%,20%,,,,15%,,,,,,,,,,,,,,,,,,,,,,,,,,,,,,,,,
,,,,,,,,,,,,,,,,,,,,,,,,,,,,,,,,,,43%,,,,36%,37%,38%,37%,36%,31%,25%,35%,36%,35%,27%,23%,19%,26%,29%,27%,26%,18%,21%,23%,20%,,,,15%,,,,,,,,,,,,,,,,,,,,,,,,,,,,,,,,,
,,,,,,,,,,,,,,,,,,,,,,,,,,,,,,,,,,43%,,,,36%,37%,38%,37%,36%,32%,25%,35%,36%,35%,27%,23%,19%,26%,30%,27%,26%,18%,21%,23%,20%,,,,14%,,,,,,,,,,,,,,,,,,,,,,,,,,,,,,,,,
,,,,,,,,,,,,,,,,,,,,,,,,,,,,,,,,,,43%,,,,36%,37%,38%,37%,36%,32%,25%,35%,37%,35%,27%,23%,20%,26%,30%,27%,26%,19%,21%,23%,20%,,,,14%,,,,,,,,,,,,,,,,,,,,,,,,,,,,,,,,,
,,,,,,,,,,,,,,,,,,,,,,,,,,,,,,,,,,43%,,,,36%,37%,38%,37%,36%,32%,25%,35%,36%,35%,27%,23%,19%,26%,30%,27%,26%,19%,21%,23%,20%,,,,14%,,,,,,,,,,,,,,,,,,,,,,,,,,,,,,,,,
,,,,,,,,,,,,,,,,,,,,,,,,,,,,,,,,,,44%,,,,36%,37%,39%,37%,36%,32%,25%,36%,36%,35%,27%,23%,19%,26%,30%,27%,26%,19%,21%,23%,20%,,,,,,,,,,,,,,,,,,,,,,,,,,,,,,,,,,,,,
,,,,,,,,,,,,,,,,,,,,,,,,,,,,,,,,,,44%,,,,36%,37%,38%,37%,36%,32%,25%,36%,37%,35%,27%,23%,19%,26%,30%,27%,26%,19%,21%,23%,20%,,,,,,,,,,,,,,,,,,,,,,,,,,,,,,,,,,,,,
,,,,,,,,,,,,,,,,,,,,,,,,,,,,,,,,,,44%,,,,36%,37%,38%,37%,36%,32%,25%,36%,36%,34%,27%,23%,19%,26%,30%,27%,26%,19%,21%,23%,20%,,,,,,,,,,,,,,,,,,,,,,,,,,,,,,,,,,,,,
,,,,,,,,,,,,,,,,,,,,,,,,,,,,,,,,,,44%,,,,36%,37%,38%,37%,36%,32%,26%,36%,36%,35%,27%,23%,20%,26%,30%,27%,26%,19%,21%,23%,20%,,,,,,,,,,,,,,,,,,,,,,,,,,,,,,,,,,,,,
,,,,,,,,,,,,,,,,,,,,,,,,,,,,,,,,,,44%,,,,36%,36%,38%,37%,36%,32%,25%,36%,36%,35%,27%,24%,19%,26%,30%,27%,26%,19%,21%,24%,19%,,,,,,,,,,,,,,,,,,,,,,,,,,,,,,,,,,,,,
,,,,,,,,,,,,,,,,,,,,,,,,,,,,,,,,,,,,,,36%,37%,38%,37%,36%,32%,25%,35%,37%,35%,27%,24%,20%,26%,29%,27%,26%,19%,21%,24%,19%,,,,,,,,,,,,,,,,,,,,,,,,,,,,,,,,,,,,,
,,,,,,,,,,,,,,,,,,,,,,,,,,,,,,,,,,,,,,36%,37%,38%,37%,36%,32%,26%,36%,37%,35%,27%,24%,20%,26%,29%,27%,26%,19%,21%,23%,19%,,,,,,,,,,,,,,,,,,,,,,,,,,,,,,,,,,,,,
,,,,,,,,,,,,,,,,,,,,,,,,,,,,,,,,,,,,,,36%,37%,38%,37%,36%,32%,26%,36%,36%,35%,27%,24%,20%,26%,29%,27%,26%,19%,21%,23%,19%,,,,,,,,,,,,,,,,,,,,,,,,,,,,,,,,,,,,,
,,,,,,,,,,,,,,,,,,,,,,,,,,,,,,,,,,,,,,35%,37%,38%,37%,36%,32%,25%,36%,37%,35%,27%,24%,20%,26%,30%,27%,26%,19%,21%,24%,19%,,,,,,,,,,,,,,,,,,,,,,,,,,,,,,,,,,,,,
,,,,,,,,,,,,,,,,,,,,,,,,,,,,,,,,,,,,,,35%,37%,38%,37%,37%,32%,25%,36%,37%,35%,27%,24%,20%,26%,29%,27%,26%,19%,,24%,19%,,,,,,,,,,,,,,,,,,,,,,,,,,,,,,,,,,,,,
,,,,,,,,,,,,,,,,,,,,,,,,,,,,,,,,,,,,,,35%,36%,38%,38%,36%,32%,25%,35%,37%,35%,27%,24%,19%,26%,29%,27%,26%,19%,,24%,19%,,,,,,,,,,,,,,,,,,,,,,,,,,,,,,,,,,,,,
,,,,,,,,,,,,,,,,,,,,,,,,,,,,,,,,,,,,,,35%,37%,,38%,37%,32%,25%,35%,37%,35%,28%,24%,19%,26%,29%,27%,26%,19%,,24%,19%,,,,,,,,,,,,,,,,,,,,,,,,,,,,,,,,,,,,,
,,,,,,,,,,,,,,,,,,,,,,,,,,,,,,,,,,,,,,,37%,,37%,37%,32%,25%,35%,37%,35%,28%,24%,19%,26%,29%,27%,26%,19%,,24%,,,,,,,,,,,,,,,,,,,,,,,,,,,,,,,,,,,,,,
,,,,,,,,,,,,,,,,,,,,,,,,,,,,,,,,,,,,,,,36%,,37%,37%,32%,25%,35%,37%,35%,28%,24%,19%,26%,29%,27%,26%,19%,,24%,,,,,,,,,,,,,,,,,,,,,,,,,,,,,,,,,,,,,,
,,,,,,,,,,,,,,,,,,,,,,,,,,,,,,,,,,,,,,,36%,,38%,37%,32%,25%,35%,37%,35%,28%,25%,19%,26%,29%,27%,26%,19%,,23%,,,,,,,,,,,,,,,,,,,,,,,,,,,,,,,,,,,,,,
,,,,,,,,,,,,,,,,,,,,,,,,,,,,,,,,,,,,,,,36%,,37%,37%,32%,26%,35%,37%,35%,28%,25%,19%,26%,29%,27%,26%,19%,,23%,,,,,,,,,,,,,,,,,,,,,,,,,,,,,,,,,,,,,,
,,,,,,,,,,,,,,,,,,,,,,,,,,,,,,,,,,,,,,,36%,,37%,37%,32%,26%,35%,37%,35%,28%,25%,19%,26%,29%,27%,25%,19%,,23%,,,,,,,,,,,,,,,,,,,,,,,,,,,,,,,,,,,,,,
,,,,,,,,,,,,,,,,,,,,,,,,,,,,,,,,,,,,,,,37%,,37%,37%,32%,26%,35%,37%,35%,28%,25%,19%,26%,29%,27%,25%,19%,,23%,,,,,,,,,,,,,,,,,,,,,,,,,,,,,,,,,,,,,,
,,,,,,,,,,,,,,,,,,,,,,,,,,,,,,,,,,,,,,,36%,,37%,37%,32%,26%,35%,37%,35%,28%,25%,19%,26%,29%,27%,25%,19%,,23%,,,,,,,,,,,,,,,,,,,,,,,,,,,,,,,,,,,,,,
,,,,,,,,,,,,,,,,,,,,,,,,,,,,,,,,,,,,,,,37%,,37%,37%,32%,26%,35%,37%,35%,28%,25%,19%,26%,29%,27%,25%,19%,,23%,,,,,,,,,,,,,,,,,,,,,,,,,,,,,,,,,,,,,,
,,,,,,,,,,,,,,,,,,,,,,,,,,,,,,,,,,,,,,,37%,,37%,37%,32%,26%,35%,37%,35%,28%,25%,19%,26%,29%,27%,25%,19%,,23%,,,,,,,,,,,,,,,,,,,,,,,,,,,,,,,,,,,,,,
,,,,,,,,,,,,,,,,,,,,,,,,,,,,,,,,,,,,,,,36%,,37%,37%,32%,26%,35%,37%,35%,28%,24%,19%,26%,29%,27%,25%,19%,,23%,,,,,,,,,,,,,,,,,,,,,,,,,,,,,,,,,,,,,,
,,,,,,,,,,,,,,,,,,,,,,,,,,,,,,,,,,,,,,,37%,,38%,37%,32%,26%,35%,37%,35%,28%,25%,19%,26%,29%,27%,25%,18%,,23%,,,,,,,,,,,,,,,,,,,,,,,,,,,,,,,,,,,,,,
,,,,,,,,,,,,,,,,,,,,,,,,,,,,,,,,,,,,,,,36%,,37%,36%,32%,26%,35%,36%,35%,28%,25%,19%,26%,29%,27%,25%,18%,,23%,,,,,,,,,,,,,,,,,,,,,,,,,,,,,,,,,,,,,,
,,,,,,,,,,,,,,,,,,,,,,,,,,,,,,,,,,,,,,,36%,,38%,37%,32%,26%,35%,36%,35%,28%,25%,19%,26%,29%,27%,25%,19%,,23%,,,,,,,,,,,,,,,,,,,,,,,,,,,,,,,,,,,,,,
,,,,,,,,,,,,,,,,,,,,,,,,,,,,,,,,,,,,,,,36%,,37%,37%,32%,26%,35%,36%,35%,28%,25%,19%,26%,29%,27%,25%,19%,,23%,,,,,,,,,,,,,,,,,,,,,,,,,,,,,,,,,,,,,,
,,,,,,,,,,,,,,,,,,,,,,,,,,,,,,,,,,,,,,,36%,,37%,36%,32%,26%,34%,36%,35%,28%,25%,19%,26%,29%,27%,25%,19%,,23%,,,,,,,,,,,,,,,,,,,,,,,,,,,,,,,,,,,,,,
,,,,,,,,,,,,,,,,,,,,,,,,,,,,,,,,,,,,,,,36%,,37%,36%,32%,26%,35%,36%,35%,28%,25%,18%,26%,28%,27%,25%,19%,,23%,,,,,,,,,,,,,,,,,,,,,,,,,,,,,,,,,,,,,,
,,,,,,,,,,,,,,,,,,,,,,,,,,,,,,,,,,,,,,,37%,,37%,37%,32%,26%,35%,36%,35%,28%,25%,19%,26%,28%,27%,25%,19%,,23%,,,,,,,,,,,,,,,,,,,,,,,,,,,,,,,,,,,,,,
,,,,,,,,,,,,,,,,,,,,,,,,,,,,,,,,,,,,,,,37%,,37%,36%,32%,26%,34%,36%,35%,28%,24%,19%,26%,28%,27%,25%,19%,,23%,,,,,,,,,,,,,,,,,,,,,,,,,,,,,,,,,,,,,,
,,,,,,,,,,,,,,,,,,,,,,,,,,,,,,,,,,,,,,,37%,,37%,36%,32%,26%,35%,37%,35%,28%,24%,19%,26%,28%,27%,25%,19%,,23%,,,,,,,,,,,,,,,,,,,,,,,,,,,,,,,,,,,,,,
,,,,,,,,,,,,,,,,,,,,,,,,,,,,,,,,,,,,,,,37%,,37%,37%,32%,26%,35%,37%,35%,28%,25%,,26%,28%,27%,25%,19%,,23%,,,,,,,,,,,,,,,,,,,,,,,,,,,,,,,,,,,,,,
,,,,,,,,,,,,,,,,,,,,,,,,,,,,,,,,,,,,,,,37%,,37%,36%,32%,26%,35%,37%,35%,28%,25%,,26%,28%,27%,25%,19%,,23%,,,,,,,,,,,,,,,,,,,,,,,,,,,,,,,,,,,,,,
,,,,,,,,,,,,,,,,,,,,,,,,,,,,,,,,,,,,,,,37%,,37%,37%,32%,27%,35%,37%,35%,28%,25%,,26%,28%,27%,25%,,,23%,,,,,,,,,,,,,,,,,,,,,,,,,,,,,,,,,,,,,,
,,,,,,,,,,,,,,,,,,,,,,,,,,,,,,,,,,,,,,,37%,,,36%,32%,26%,35%,37%,35%,28%,25%,,26%,28%,27%,25%,,,23%,,,,,,,,,,,,,,,,,,,,,,,,,,,,,,,,,,,,,,
,,,,,,,,,,,,,,,,,,,,,,,,,,,,,,,,,,,,,,,37%,,,36%,32%,26%,35%,37%,35%,28%,25%,,26%,29%,27%,25%,,,23%,,,,,,,,,,,,,,,,,,,,,,,,,,,,,,,,,,,,,,
,,,,,,,,,,,,,,,,,,,,,,,,,,,,,,,,,,,,,,,37%,,,36%,32%,26%,35%,,35%,29%,25%,,26%,29%,27%,25%,,,23%,,,,,,,,,,,,,,,,,,,,,,,,,,,,,,,,,,,,,,
,,,,,,,,,,,,,,,,,,,,,,,,,,,,,,,,,,,,,,,37%,,,36%,32%,26%,34%,,35%,29%,25%,,26%,28%,27%,25%,,,23%,,,,,,,,,,,,,,,,,,,,,,,,,,,,,,,,,,,,,,
,,,,,,,,,,,,,,,,,,,,,,,,,,,,,,,,,,,,,,,37%,,,36%,32%,26%,35%,,35%,29%,25%,,26%,28%,27%,25%,,,23%,,,,,,,,,,,,,,,,,,,,,,,,,,,,,,,,,,,,,,
,,,,,,,,,,,,,,,,,,,,,,,,,,,,,,,,,,,,,,,37%,,,36%,32%,26%,35%,,35%,29%,25%,,25%,28%,27%,25%,,,23%,,,,,,,,,,,,,,,,,,,,,,,,,,,,,,,,,,,,,,
,,,,,,,,,,,,,,,,,,,,,,,,,,,,,,,,,,,,,,,37%,,,36%,32%,27%,35%,,36%,29%,25%,,26%,28%,27%,25%,,,23%,,,,,,,,,,,,,,,,,,,,,,,,,,,,,,,,,,,,,,
,,,,,,,,,,,,,,,,,,,,,,,,,,,,,,,,,,,,,,,37%,,,36%,32%,26%,35%,,35%,29%,25%,,26%,28%,28%,25%,,,23%,,,,,,,,,,,,,,,,,,,,,,,,,,,,,,,,,,,,,,
,,,,,,,,,,,,,,,,,,,,,,,,,,,,,,,,,,,,,,,37%,,,36%,32%,26%,35%,,36%,29%,25%,,26%,28%,28%,25%,,,22%,,,,,,,,,,,,,,,,,,,,,,,,,,,,,,,,,,,,,,
,,,,,,,,,,,,,,,,,,,,,,,,,,,,,,,,,,,,,,,37%,,,36%,32%,27%,35%,,36%,29%,25%,,26%,28%,27%,25%,,,22%,,,,,,,,,,,,,,,,,,,,,,,,,,,,,,,,,,,,,,
,,,,,,,,,,,,,,,,,,,,,,,,,,,,,,,,,,,,,,,37%,,,36%,32%,27%,35%,,35%,29%,25%,,26%,28%,27%,25%,,,22%,,,,,,,,,,,,,,,,,,,,,,,,,,,,,,,,,,,,,,
,,,,,,,,,,,,,,,,,,,,,,,,,,,,,,,,,,,,,,,37%,,,36%,32%,26%,35%,,36%,29%,25%,,26%,28%,27%,25%,,,22%,,,,,,,,,,,,,,,,,,,,,,,,,,,,,,,,,,,,,,
,,,,,,,,,,,,,,,,,,,,,,,,,,,,,,,,,,,,,,,37%,,,36%,32%,26%,35%,,36%,29%,25%,,26%,28%,28%,25%,,,22%,,,,,,,,,,,,,,,,,,,,,,,,,,,,,,,,,,,,,,
,,,,,,,,,,,,,,,,,,,,,,,,,,,,,,,,,,,,,,,37%,,,36%,32%,27%,35%,,35%,29%,25%,,26%,28%,27%,25%,,,22%,,,,,,,,,,,,,,,,,,,,,,,,,,,,,,,,,,,,,,
,,,,,,,,,,,,,,,,,,,,,,,,,,,,,,,,,,,,,,,37%,,,36%,32%,27%,35%,,36%,28%,25%,,26%,28%,27%,25%,,,22%,,,,,,,,,,,,,,,,,,,,,,,,,,,,,,,,,,,,,,
,,,,,,,,,,,,,,,,,,,,,,,,,,,,,,,,,,,,,,,37%,,,36%,32%,26%,35%,,36%,29%,25%,,26%,28%,28%,25%,,,22%,,,,,,,,,,,,,,,,,,,,,,,,,,,,,,,,,,,,,,
,,,,,,,,,,,,,,,,,,,,,,,,,,,,,,,,,,,,,,,37%,,,36%,32%,26%,35%,,36%,29%,25%,,26%,28%,27%,25%,,,23%,,,,,,,,,,,,,,,,,,,,,,,,,,,,,,,,,,,,,,
,,,,,,,,,,,,,,,,,,,,,,,,,,,,,,,,,,,,,,,37%,,,36%,32%,26%,35%,,36%,29%,25%,,26%,28%,27%,25%,,,22%,,,,,,,,,,,,,,,,,,,,,,,,,,,,,,,,,,,,,,
,,,,,,,,,,,,,,,,,,,,,,,,,,,,,,,,,,,,,,,37%,,,36%,32%,26%,34%,,36%,29%,25%,,26%,28%,27%,25%,,,22%,,,,,,,,,,,,,,,,,,,,,,,,,,,,,,,,,,,,,,
,,,,,,,,,,,,,,,,,,,,,,,,,,,,,,,,,,,,,,,37%,,,36%,32%,26%,34%,,36%,29%,25%,,26%,28%,27%,25%,,,22%,,,,,,,,,,,,,,,,,,,,,,,,,,,,,,,,,,,,,,
,,,,,,,,,,,,,,,,,,,,,,,,,,,,,,,,,,,,,,,37%,,,36%,32%,26%,35%,,36%,29%,25%,,26%,28%,27%,25%,,,23%,,,,,,,,,,,,,,,,,,,,,,,,,,,,,,,,,,,,,,
,,,,,,,,,,,,,,,,,,,,,,,,,,,,,,,,,,,,,,,37%,,,36%,32%,26%,35%,,36%,29%,25%,,26%,28%,27%,25%,,,22%,,,,,,,,,,,,,,,,,,,,,,,,,,,,,,,,,,,,,,
,,,,,,,,,,,,,,,,,,,,,,,,,,,,,,,,,,,,,,,37%,,,36%,32%,26%,35%,,36%,29%,25%,,26%,28%,27%,25%,,,22%,,,,,,,,,,,,,,,,,,,,,,,,,,,,,,,,,,,,,,
,,,,,,,,,,,,,,,,,,,,,,,,,,,,,,,,,,,,,,,37%,,,36%,32%,26%,35%,,36%,29%,25%,,26%,28%,27%,25%,,,22%,,,,,,,,,,,,,,,,,,,,,,,,,,,,,,,,,,,,,,
,,,,,,,,,,,,,,,,,,,,,,,,,,,,,,,,,,,,,,,37%,,,36%,31%,26%,34%,,36%,28%,25%,,26%,28%,27%,25%,,,22%,,,,,,,,,,,,,,,,,,,,,,,,,,,,,,,,,,,,,,
,,,,,,,,,,,,,,,,,,,,,,,,,,,,,,,,,,,,,,,37%,,,36%,32%,27%,34%,,36%,29%,25%,,26%,28%,27%,25%,,,22%,,,,,,,,,,,,,,,,,,,,,,,,,,,,,,,,,,,,,,
,,,,,,,,,,,,,,,,,,,,,,,,,,,,,,,,,,,,,,,37%,,,36%,32%,27%,34%,,36%,29%,25%,,26%,28%,27%,25%,,,22%,,,,,,,,,,,,,,,,,,,,,,,,,,,,,,,,,,,,,,
,,,,,,,,,,,,,,,,,,,,,,,,,,,,,,,,,,,,,,,37%,,,36%,31%,27%,34%,,36%,29%,26%,,26%,28%,27%,25%,,,22%,,,,,,,,,,,,,,,,,,,,,,,,,,,,,,,,,,,,,,
,,,,,,,,,,,,,,,,,,,,,,,,,,,,,,,,,,,,,,,,,,36%,31%,27%,34%,,36%,28%,26%,,26%,28%,27%,25%,,,22%,,,,,,,,,,,,,,,,,,,,,,,,,,,,,,,,,,,,,,
,,,,,,,,,,,,,,,,,,,,,,,,,,,,,,,,,,,,,,,,,,36%,31%,27%,34%,,36%,28%,25%,,26%,28%,27%,25%,,,,,,,,,,,,,,,,,,,,,,,,,,,,,,,,,,,,,,,,,
,,,,,,,,,,,,,,,,,,,,,,,,,,,,,,,,,,,,,,,,,,36%,31%,27%,34%,,36%,28%,25%,,26%,29%,27%,25%,,,,,,,,,,,,,,,,,,,,,,,,,,,,,,,,,,,,,,,,,
,,,,,,,,,,,,,,,,,,,,,,,,,,,,,,,,,,,,,,,,,,36%,32%,27%,34%,,36%,28%,25%,,26%,28%,27%,25%,,,,,,,,,,,,,,,,,,,,,,,,,,,,,,,,,,,,,,,,,
,,,,,,,,,,,,,,,,,,,,,,,,,,,,,,,,,,,,,,,,,,36%,32%,28%,34%,,36%,28%,25%,,26%,29%,27%,25%,,,,,,,,,,,,,,,,,,,,,,,,,,,,,,,,,,,,,,,,,
,,,,,,,,,,,,,,,,,,,,,,,,,,,,,,,,,,,,,,,,,,36%,32%,28%,34%,,36%,29%,25%,,26%,29%,27%,25%,,,,,,,,,,,,,,,,,,,,,,,,,,,,,,,,,,,,,,,,,
,,,,,,,,,,,,,,,,,,,,,,,,,,,,,,,,,,,,,,,,,,36%,32%,28%,34%,,36%,29%,25%,,26%,29%,27%,25%,,,,,,,,,,,,,,,,,,,,,,,,,,,,,,,,,,,,,,,,,
,,,,,,,,,,,,,,,,,,,,,,,,,,,,,,,,,,,,,,,,,,36%,32%,28%,33%,,36%,29%,26%,,26%,28%,27%,25%,,,,,,,,,,,,,,,,,,,,,,,,,,,,,,,,,,,,,,,,,
,,,,,,,,,,,,,,,,,,,,,,,,,,,,,,,,,,,,,,,,,,36%,32%,28%,33%,,36%,29%,26%,,26%,28%,28%,25%,,,,,,,,,,,,,,,,,,,,,,,,,,,,,,,,,,,,,,,,,
,,,,,,,,,,,,,,,,,,,,,,,,,,,,,,,,,,,,,,,,,,36%,32%,28%,34%,,,29%,26%,,26%,28%,28%,25%,,,,,,,,,,,,,,,,,,,,,,,,,,,,,,,,,,,,,,,,,
,,,,,,,,,,,,,,,,,,,,,,,,,,,,,,,,,,,,,,,,,,36%,32%,28%,33%,,,29%,26%,,26%,28%,28%,25%,,,,,,,,,,,,,,,,,,,,,,,,,,,,,,,,,,,,,,,,,
,,,,,,,,,,,,,,,,,,,,,,,,,,,,,,,,,,,,,,,,,,36%,32%,28%,,,,29%,26%,,26%,28%,28%,25%,,,,,,,,,,,,,,,,,,,,,,,,,,,,,,,,,,,,,,,,,
,,,,,,,,,,,,,,,,,,,,,,,,,,,,,,,,,,,,,,,,,,36%,32%,28%,,,,29%,26%,,26%,28%,28%,25%,,,,,,,,,,,,,,,,,,,,,,,,,,,,,,,,,,,,,,,,,
,,,,,,,,,,,,,,,,,,,,,,,,,,,,,,,,,,,,,,,,,,36%,32%,28%,,,,29%,26%,,25%,28%,28%,25%,,,,,,,,,,,,,,,,,,,,,,,,,,,,,,,,,,,,,,,,,
,,,,,,,,,,,,,,,,,,,,,,,,,,,,,,,,,,,,,,,,,,36%,32%,27%,,,,28%,26%,,25%,28%,27%,25%,,,,,,,,,,,,,,,,,,,,,,,,,,,,,,,,,,,,,,,,,
,,,,,,,,,,,,,,,,,,,,,,,,,,,,,,,,,,,,,,,,,,36%,32%,27%,,,,28%,26%,,26%,28%,28%,25%,,,,,,,,,,,,,,,,,,,,,,,,,,,,,,,,,,,,,,,,,
,,,,,,,,,,,,,,,,,,,,,,,,,,,,,,,,,,,,,,,,,,36%,32%,28%,,,,28%,26%,,26%,28%,28%,25%,,,,,,,,,,,,,,,,,,,,,,,,,,,,,,,,,,,,,,,,,
,,,,,,,,,,,,,,,,,,,,,,,,,,,,,,,,,,,,,,,,,,36%,33%,,,,,28%,26%,,25%,28%,28%,25%,,,,,,,,,,,,,,,,,,,,,,,,,,,,,,,,,,,,,,,,,
,,,,,,,,,,,,,,,,,,,,,,,,,,,,,,,,,,,,,,,,,,36%,33%,,,,,28%,26%,,25%,28%,28%,25%,,,,,,,,,,,,,,,,,,,,,,,,,,,,,,,,,,,,,,,,,
,,,,,,,,,,,,,,,,,,,,,,,,,,,,,,,,,,,,,,,,,,36%,33%,,,,,28%,26%,,26%,28%,28%,25%,,,,,,,,,,,,,,,,,,,,,,,,,,,,,,,,,,,,,,,,,
,,,,,,,,,,,,,,,,,,,,,,,,,,,,,,,,,,,,,,,,,,36%,33%,,,,,28%,26%,,,28%,28%,25%,,,,,,,,,,,,,,,,,,,,,,,,,,,,,,,,,,,,,,,,,
,,,,,,,,,,,,,,,,,,,,,,,,,,,,,,,,,,,,,,,,,,36%,33%,,,,,28%,25%,,,27%,28%,25%,,,,,,,,,,,,,,,,,,,,,,,,,,,,,,,,,,,,,,,,,
,,,,,,,,,,,,,,,,,,,,,,,,,,,,,,,,,,,,,,,,,,36%,33%,,,,,28%,25%,,,27%,28%,25%,,,,,,,,,,,,,,,,,,,,,,,,,,,,,,,,,,,,,,,,,
,,,,,,,,,,,,,,,,,,,,,,,,,,,,,,,,,,,,,,,,,,36%,33%,,,,,28%,25%,,,28%,28%,25%,,,,,,,,,,,,,,,,,,,,,,,,,,,,,,,,,,,,,,,,,
,,,,,,,,,,,,,,,,,,,,,,,,,,,,,,,,,,,,,,,,,,36%,34%,,,,,28%,,,,28%,28%,25%,,,,,,,,,,,,,,,,,,,,,,,,,,,,,,,,,,,,,,,,,
,,,,,,,,,,,,,,,,,,,,,,,,,,,,,,,,,,,,,,,,,,36%,33%,,,,,28%,,,,28%,28%,25%,,,,,,,,,,,,,,,,,,,,,,,,,,,,,,,,,,,,,,,,,
,,,,,,,,,,,,,,,,,,,,,,,,,,,,,,,,,,,,,,,,,,36%,33%,,,,,28%,,,,28%,28%,25%,,,,,,,,,,,,,,,,,,,,,,,,,,,,,,,,,,,,,,,,,
,,,,,,,,,,,,,,,,,,,,,,,,,,,,,,,,,,,,,,,,,,36%,33%,,,,,28%,,,,28%,28%,25%,,,,,,,,,,,,,,,,,,,,,,,,,,,,,,,,,,,,,,,,,
,,,,,,,,,,,,,,,,,,,,,,,,,,,,,,,,,,,,,,,,,,36%,33%,,,,,28%,,,,27%,28%,25%,,,,,,,,,,,,,,,,,,,,,,,,,,,,,,,,,,,,,,,,,
,,,,,,,,,,,,,,,,,,,,,,,,,,,,,,,,,,,,,,,,,,36%,33%,,,,,28%,,,,,28%,25%,,,,,,,,,,,,,,,,,,,,,,,,,,,,,,,,,,,,,,,,,
,,,,,,,,,,,,,,,,,,,,,,,,,,,,,,,,,,,,,,,,,,36%,33%,,,,,28%,,,,,28%,25%,,,,,,,,,,,,,,,,,,,,,,,,,,,,,,,,,,,,,,,,,
,,,,,,,,,,,,,,,,,,,,,,,,,,,,,,,,,,,,,,,,,,36%,33%,,,,,28%,,,,,28%,25%,,,,,,,,,,,,,,,,,,,,,,,,,,,,,,,,,,,,,,,,,
,,,,,,,,,,,,,,,,,,,,,,,,,,,,,,,,,,,,,,,,,,36%,33%,,,,,28%,,,,,28%,25%,,,,,,,,,,,,,,,,,,,,,,,,,,,,,,,,,,,,,,,,,
,,,,,,,,,,,,,,,,,,,,,,,,,,,,,,,,,,,,,,,,,,36%,33%,,,,,28%,,,,,28%,25%,,,,,,,,,,,,,,,,,,,,,,,,,,,,,,,,,,,,,,,,,
,,,,,,,,,,,,,,,,,,,,,,,,,,,,,,,,,,,,,,,,,,36%,33%,,,,,28%,,,,,28%,25%,,,,,,,,,,,,,,,,,,,,,,,,,,,,,,,,,,,,,,,,,
,,,,,,,,,,,,,,,,,,,,,,,,,,,,,,,,,,,,,,,,,,36%,33%,,,,,28%,,,,,28%,25%,,,,,,,,,,,,,,,,,,,,,,,,,,,,,,,,,,,,,,,,,
,,,,,,,,,,,,,,,,,,,,,,,,,,,,,,,,,,,,,,,,,,36%,33%,,,,,28%,,,,,28%,25%,,,,,,,,,,,,,,,,,,,,,,,,,,,,,,,,,,,,,,,,,
,,,,,,,,,,,,,,,,,,,,,,,,,,,,,,,,,,,,,,,,,,36%,33%,,,,,28%,,,,,29%,25%,,,,,,,,,,,,,,,,,,,,,,,,,,,,,,,,,,,,,,,,,
,,,,,,,,,,,,,,,,,,,,,,,,,,,,,,,,,,,,,,,,,,36%,34%,,,,,28%,,,,,29%,26%,,,,,,,,,,,,,,,,,,,,,,,,,,,,,,,,,,,,,,,,,
,,,,,,,,,,,,,,,,,,,,,,,,,,,,,,,,,,,,,,,,,,36%,33%,,,,,28%,,,,,29%,26%,,,,,,,,,,,,,,,,,,,,,,,,,,,,,,,,,,,,,,,,,
,,,,,,,,,,,,,,,,,,,,,,,,,,,,,,,,,,,,,,,,,,36%,34%,,,,,28%,,,,,29%,25%,,,,,,,,,,,,,,,,,,,,,,,,,,,,,,,,,,,,,,,,,
,,,,,,,,,,,,,,,,,,,,,,,,,,,,,,,,,,,,,,,,,,35%,34%,,,,,28%,,,,,29%,25%,,,,,,,,,,,,,,,,,,,,,,,,,,,,,,,,,,,,,,,,,
,,,,,,,,,,,,,,,,,,,,,,,,,,,,,,,,,,,,,,,,,,36%,34%,,,,,28%,,,,,28%,26%,,,,,,,,,,,,,,,,,,,,,,,,,,,,,,,,,,,,,,,,,
,,,,,,,,,,,,,,,,,,,,,,,,,,,,,,,,,,,,,,,,,,36%,34%,,,,,28%,,,,,28%,26%,,,,,,,,,,,,,,,,,,,,,,,,,,,,,,,,,,,,,,,,,
,,,,,,,,,,,,,,,,,,,,,,,,,,,,,,,,,,,,,,,,,,36%,34%,,,,,28%,,,,,28%,25%,,,,,,,,,,,,,,,,,,,,,,,,,,,,,,,,,,,,,,,,,
,,,,,,,,,,,,,,,,,,,,,,,,,,,,,,,,,,,,,,,,,,36%,34%,,,,,28%,,,,,28%,25%,,,,,,,,,,,,,,,,,,,,,,,,,,,,,,,,,,,,,,,,,
,,,,,,,,,,,,,,,,,,,,,,,,,,,,,,,,,,,,,,,,,,36%,,,,,,28%,,,,,28%,25%,,,,,,,,,,,,,,,,,,,,,,,,,,,,,,,,,,,,,,,,,
,,,,,,,,,,,,,,,,,,,,,,,,,,,,,,,,,,,,,,,,,,36%,,,,,,28%,,,,,,25%,,,,,,,,,,,,,,,,,,,,,,,,,,,,,,,,,,,,,,,,,
,,,,,,,,,,,,,,,,,,,,,,,,,,,,,,,,,,,,,,,,,,36%,,,,,,28%,,,,,,25%,,,,,,,,,,,,,,,,,,,,,,,,,,,,,,,,,,,,,,,,,
,,,,,,,,,,,,,,,,,,,,,,,,,,,,,,,,,,,,,,,,,,36%,,,,,,28%,,,,,,25%,,,,,,,,,,,,,,,,,,,,,,,,,,,,,,,,,,,,,,,,,
,,,,,,,,,,,,,,,,,,,,,,,,,,,,,,,,,,,,,,,,,,36%,,,,,,28%,,,,,,25%,,,,,,,,,,,,,,,,,,,,,,,,,,,,,,,,,,,,,,,,,
,,,,,,,,,,,,,,,,,,,,,,,,,,,,,,,,,,,,,,,,,,36%,,,,,,28%,,,,,,25%,,,,,,,,,,,,,,,,,,,,,,,,,,,,,,,,,,,,,,,,,
,,,,,,,,,,,,,,,,,,,,,,,,,,,,,,,,,,,,,,,,,,36%,,,,,,28%,,,,,,25%,,,,,,,,,,,,,,,,,,,,,,,,,,,,,,,,,,,,,,,,,
,,,,,,,,,,,,,,,,,,,,,,,,,,,,,,,,,,,,,,,,,,36%,,,,,,28%,,,,,,25%,,,,,,,,,,,,,,,,,,,,,,,,,,,,,,,,,,,,,,,,,
,,,,,,,,,,,,,,,,,,,,,,,,,,,,,,,,,,,,,,,,,,36%,,,,,,28%,,,,,,25%,,,,,,,,,,,,,,,,,,,,,,,,,,,,,,,,,,,,,,,,,
,,,,,,,,,,,,,,,,,,,,,,,,,,,,,,,,,,,,,,,,,,36%,,,,,,28%,,,,,,25%,,,,,,,,,,,,,,,,,,,,,,,,,,,,,,,,,,,,,,,,,
,,,,,,,,,,,,,,,,,,,,,,,,,,,,,,,,,,,,,,,,,,36%,,,,,,28%,,,,,,25%,,,,,,,,,,,,,,,,,,,,,,,,,,,,,,,,,,,,,,,,,
,,,,,,,,,,,,,,,,,,,,,,,,,,,,,,,,,,,,,,,,,,36%,,,,,,28%,,,,,,25%,,,,,,,,,,,,,,,,,,,,,,,,,,,,,,,,,,,,,,,,,
,,,,,,,,,,,,,,,,,,,,,,,,,,,,,,,,,,,,,,,,,,36%,,,,,,28%,,,,,,25%,,,,,,,,,,,,,,,,,,,,,,,,,,,,,,,,,,,,,,,,,
,,,,,,,,,,,,,,,,,,,,,,,,,,,,,,,,,,,,,,,,,,36%,,,,,,28%,,,,,,25%,,,,,,,,,,,,,,,,,,,,,,,,,,,,,,,,,,,,,,,,,
,,,,,,,,,,,,,,,,,,,,,,,,,,,,,,,,,,,,,,,,,,36%,,,,,,28%,,,,,,25%,,,,,,,,,,,,,,,,,,,,,,,,,,,,,,,,,,,,,,,,,
,,,,,,,,,,,,,,,,,,,,,,,,,,,,,,,,,,,,,,,,,,36%,,,,,,28%,,,,,,25%,,,,,,,,,,,,,,,,,,,,,,,,,,,,,,,,,,,,,,,,,
,,,,,,,,,,,,,,,,,,,,,,,,,,,,,,,,,,,,,,,,,,36%,,,,,,29%,,,,,,25%,,,,,,,,,,,,,,,,,,,,,,,,,,,,,,,,,,,,,,,,,
,,,,,,,,,,,,,,,,,,,,,,,,,,,,,,,,,,,,,,,,,,36%,,,,,,28%,,,,,,25%,,,,,,,,,,,,,,,,,,,,,,,,,,,,,,,,,,,,,,,,,
,,,,,,,,,,,,,,,,,,,,,,,,,,,,,,,,,,,,,,,,,,36%,,,,,,28%,,,,,,25%,,,,,,,,,,,,,,,,,,,,,,,,,,,,,,,,,,,,,,,,,
,,,,,,,,,,,,,,,,,,,,,,,,,,,,,,,,,,,,,,,,,,36%,,,,,,28%,,,,,,25%,,,,,,,,,,,,,,,,,,,,,,,,,,,,,,,,,,,,,,,,,
,,,,,,,,,,,,,,,,,,,,,,,,,,,,,,,,,,,,,,,,,,36%,,,,,,28%,,,,,,25%,,,,,,,,,,,,,,,,,,,,,,,,,,,,,,,,,,,,,,,,,
,,,,,,,,,,,,,,,,,,,,,,,,,,,,,,,,,,,,,,,,,,36%,,,,,,28%,,,,,,25%,,,,,,,,,,,,,,,,,,,,,,,,,,,,,,,,,,,,,,,,,
,,,,,,,,,,,,,,,,,,,,,,,,,,,,,,,,,,,,,,,,,,36%,,,,,,29%,,,,,,25%,,,,,,,,,,,,,,,,,,,,,,,,,,,,,,,,,,,,,,,,,
,,,,,,,,,,,,,,,,,,,,,,,,,,,,,,,,,,,,,,,,,,36%,,,,,,29%,,,,,,25%,,,,,,,,,,,,,,,,,,,,,,,,,,,,,,,,,,,,,,,,,
,,,,,,,,,,,,,,,,,,,,,,,,,,,,,,,,,,,,,,,,,,36%,,,,,,29%,,,,,,25%,,,,,,,,,,,,,,,,,,,,,,,,,,,,,,,,,,,,,,,,,
,,,,,,,,,,,,,,,,,,,,,,,,,,,,,,,,,,,,,,,,,,36%,,,,,,29%,,,,,,25%,,,,,,,,,,,,,,,,,,,,,,,,,,,,,,,,,,,,,,,,,
,,,,,,,,,,,,,,,,,,,,,,,,,,,,,,,,,,,,,,,,,,36%,,,,,,29%,,,,,,25%,,,,,,,,,,,,,,,,,,,,,,,,,,,,,,,,,,,,,,,,,
,,,,,,,,,,,,,,,,,,,,,,,,,,,,,,,,,,,,,,,,,,36%,,,,,,29%,,,,,,25%,,,,,,,,,,,,,,,,,,,,,,,,,,,,,,,,,,,,,,,,,
,,,,,,,,,,,,,,,,,,,,,,,,,,,,,,,,,,,,,,,,,,36%,,,,,,28%,,,,,,25%,,,,,,,,,,,,,,,,,,,,,,,,,,,,,,,,,,,,,,,,,
,,,,,,,,,,,,,,,,,,,,,,,,,,,,,,,,,,,,,,,,,,36%,,,,,,29%,,,,,,25%,,,,,,,,,,,,,,,,,,,,,,,,,,,,,,,,,,,,,,,,,
,,,,,,,,,,,,,,,,,,,,,,,,,,,,,,,,,,,,,,,,,,37%,,,,,,29%,,,,,,25%,,,,,,,,,,,,,,,,,,,,,,,,,,,,,,,,,,,,,,,,,
,,,,,,,,,,,,,,,,,,,,,,,,,,,,,,,,,,,,,,,,,,36%,,,,,,29%,,,,,,25%,,,,,,,,,,,,,,,,,,,,,,,,,,,,,,,,,,,,,,,,,
,,,,,,,,,,,,,,,,,,,,,,,,,,,,,,,,,,,,,,,,,,37%,,,,,,29%,,,,,,25%,,,,,,,,,,,,,,,,,,,,,,,,,,,,,,,,,,,,,,,,,
,,,,,,,,,,,,,,,,,,,,,,,,,,,,,,,,,,,,,,,,,,36%,,,,,,29%,,,,,,25%,,,,,,,,,,,,,,,,,,,,,,,,,,,,,,,,,,,,,,,,,
,,,,,,,,,,,,,,,,,,,,,,,,,,,,,,,,,,,,,,,,,,36%,,,,,,29%,,,,,,25%,,,,,,,,,,,,,,,,,,,,,,,,,,,,,,,,,,,,,,,,,
,,,,,,,,,,,,,,,,,,,,,,,,,,,,,,,,,,,,,,,,,,37%,,,,,,28%,,,,,,25%,,,,,,,,,,,,,,,,,,,,,,,,,,,,,,,,,,,,,,,,,
,,,,,,,,,,,,,,,,,,,,,,,,,,,,,,,,,,,,,,,,,,37%,,,,,,28%,,,,,,25%,,,,,,,,,,,,,,,,,,,,,,,,,,,,,,,,,,,,,,,,,
,,,,,,,,,,,,,,,,,,,,,,,,,,,,,,,,,,,,,,,,,,37%,,,,,,29%,,,,,,25%,,,,,,,,,,,,,,,,,,,,,,,,,,,,,,,,,,,,,,,,,
,,,,,,,,,,,,,,,,,,,,,,,,,,,,,,,,,,,,,,,,,,37%,,,,,,29%,,,,,,25%,,,,,,,,,,,,,,,,,,,,,,,,,,,,,,,,,,,,,,,,,
,,,,,,,,,,,,,,,,,,,,,,,,,,,,,,,,,,,,,,,,,,37%,,,,,,29%,,,,,,25%,,,,,,,,,,,,,,,,,,,,,,,,,,,,,,,,,,,,,,,,,
,,,,,,,,,,,,,,,,,,,,,,,,,,,,,,,,,,,,,,,,,,37%,,,,,,29%,,,,,,24%,,,,,,,,,,,,,,,,,,,,,,,,,,,,,,,,,,,,,,,,,
,,,,,,,,,,,,,,,,,,,,,,,,,,,,,,,,,,,,,,,,,,37%,,,,,,29%,,,,,,25%,,,,,,,,,,,,,,,,,,,,,,,,,,,,,,,,,,,,,,,,,
,,,,,,,,,,,,,,,,,,,,,,,,,,,,,,,,,,,,,,,,,,36%,,,,,,29%,,,,,,25%,,,,,,,,,,,,,,,,,,,,,,,,,,,,,,,,,,,,,,,,,
,,,,,,,,,,,,,,,,,,,,,,,,,,,,,,,,,,,,,,,,,,36%,,,,,,29%,,,,,,25%,,,,,,,,,,,,,,,,,,,,,,,,,,,,,,,,,,,,,,,,,
,,,,,,,,,,,,,,,,,,,,,,,,,,,,,,,,,,,,,,,,,,36%,,,,,,29%,,,,,,25%,,,,,,,,,,,,,,,,,,,,,,,,,,,,,,,,,,,,,,,,,
,,,,,,,,,,,,,,,,,,,,,,,,,,,,,,,,,,,,,,,,,,36%,,,,,,29%,,,,,,25%,,,,,,,,,,,,,,,,,,,,,,,,,,,,,,,,,,,,,,,,,
,,,,,,,,,,,,,,,,,,,,,,,,,,,,,,,,,,,,,,,,,,36%,,,,,,29%,,,,,,25%,,,,,,,,,,,,,,,,,,,,,,,,,,,,,,,,,,,,,,,,,
,,,,,,,,,,,,,,,,,,,,,,,,,,,,,,,,,,,,,,,,,,36%,,,,,,29%,,,,,,25%,,,,,,,,,,,,,,,,,,,,,,,,,,,,,,,,,,,,,,,,,
,,,,,,,,,,,,,,,,,,,,,,,,,,,,,,,,,,,,,,,,,,36%,,,,,,29%,,,,,,24%,,,,,,,,,,,,,,,,,,,,,,,,,,,,,,,,,,,,,,,,,
,,,,,,,,,,,,,,,,,,,,,,,,,,,,,,,,,,,,,,,,,,36%,,,,,,29%,,,,,,25%,,,,,,,,,,,,,,,,,,,,,,,,,,,,,,,,,,,,,,,,,
,,,,,,,,,,,,,,,,,,,,,,,,,,,,,,,,,,,,,,,,,,36%,,,,,,29%,,,,,,25%,,,,,,,,,,,,,,,,,,,,,,,,,,,,,,,,,,,,,,,,,
,,,,,,,,,,,,,,,,,,,,,,,,,,,,,,,,,,,,,,,,,,36%,,,,,,29%,,,,,,25%,,,,,,,,,,,,,,,,,,,,,,,,,,,,,,,,,,,,,,,,,
,,,,,,,,,,,,,,,,,,,,,,,,,,,,,,,,,,,,,,,,,,36%,,,,,,29%,,,,,,25%,,,,,,,,,,,,,,,,,,,,,,,,,,,,,,,,,,,,,,,,,
,,,,,,,,,,,,,,,,,,,,,,,,,,,,,,,,,,,,,,,,,,36%,,,,,,29%,,,,,,25%,,,,,,,,,,,,,,,,,,,,,,,,,,,,,,,,,,,,,,,,,
,,,,,,,,,,,,,,,,,,,,,,,,,,,,,,,,,,,,,,,,,,36%,,,,,,29%,,,,,,25%,,,,,,,,,,,,,,,,,,,,,,,,,,,,,,,,,,,,,,,,,
,,,,,,,,,,,,,,,,,,,,,,,,,,,,,,,,,,,,,,,,,,36%,,,,,,29%,,,,,,25%,,,,,,,,,,,,,,,,,,,,,,,,,,,,,,,,,,,,,,,,,
,,,,,,,,,,,,,,,,,,,,,,,,,,,,,,,,,,,,,,,,,,36%,,,,,,29%,,,,,,25%,,,,,,,,,,,,,,,,,,,,,,,,,,,,,,,,,,,,,,,,,
,,,,,,,,,,,,,,,,,,,,,,,,,,,,,,,,,,,,,,,,,,37%,,,,,,29%,,,,,,25%,,,,,,,,,,,,,,,,,,,,,,,,,,,,,,,,,,,,,,,,,
,,,,,,,,,,,,,,,,,,,,,,,,,,,,,,,,,,,,,,,,,,36%,,,,,,29%,,,,,,25%,,,,,,,,,,,,,,,,,,,,,,,,,,,,,,,,,,,,,,,,,
,,,,,,,,,,,,,,,,,,,,,,,,,,,,,,,,,,,,,,,,,,36%,,,,,,29%,,,,,,25%,,,,,,,,,,,,,,,,,,,,,,,,,,,,,,,,,,,,,,,,,
,,,,,,,,,,,,,,,,,,,,,,,,,,,,,,,,,,,,,,,,,,36%,,,,,,29%,,,,,,25%,,,,,,,,,,,,,,,,,,,,,,,,,,,,,,,,,,,,,,,,,
,,,,,,,,,,,,,,,,,,,,,,,,,,,,,,,,,,,,,,,,,,36%,,,,,,29%,,,,,,25%,,,,,,,,,,,,,,,,,,,,,,,,,,,,,,,,,,,,,,,,,
,,,,,,,,,,,,,,,,,,,,,,,,,,,,,,,,,,,,,,,,,,36%,,,,,,29%,,,,,,25%,,,,,,,,,,,,,,,,,,,,,,,,,,,,,,,,,,,,,,,,,
,,,,,,,,,,,,,,,,,,,,,,,,,,,,,,,,,,,,,,,,,,36%,,,,,,29%,,,,,,25%,,,,,,,,,,,,,,,,,,,,,,,,,,,,,,,,,,,,,,,,,
,,,,,,,,,,,,,,,,,,,,,,,,,,,,,,,,,,,,,,,,,,36%,,,,,,29%,,,,,,24%,,,,,,,,,,,,,,,,,,,,,,,,,,,,,,,,,,,,,,,,,
,,,,,,,,,,,,,,,,,,,,,,,,,,,,,,,,,,,,,,,,,,36%,,,,,,29%,,,,,,24%,,,,,,,,,,,,,,,,,,,,,,,,,,,,,,,,,,,,,,,,,
,,,,,,,,,,,,,,,,,,,,,,,,,,,,,,,,,,,,,,,,,,36%,,,,,,29%,,,,,,25%,,,,,,,,,,,,,,,,,,,,,,,,,,,,,,,,,,,,,,,,,
,,,,,,,,,,,,,,,,,,,,,,,,,,,,,,,,,,,,,,,,,,36%,,,,,,29%,,,,,,25%,,,,,,,,,,,,,,,,,,,,,,,,,,,,,,,,,,,,,,,,,
,,,,,,,,,,,,,,,,,,,,,,,,,,,,,,,,,,,,,,,,,,36%,,,,,,29%,,,,,,24%,,,,,,,,,,,,,,,,,,,,,,,,,,,,,,,,,,,,,,,,,
,,,,,,,,,,,,,,,,,,,,,,,,,,,,,,,,,,,,,,,,,,36%,,,,,,29%,,,,,,24%,,,,,,,,,,,,,,,,,,,,,,,,,,,,,,,,,,,,,,,,,
,,,,,,,,,,,,,,,,,,,,,,,,,,,,,,,,,,,,,,,,,,36%,,,,,,29%,,,,,,25%,,,,,,,,,,,,,,,,,,,,,,,,,,,,,,,,,,,,,,,,,
,,,,,,,,,,,,,,,,,,,,,,,,,,,,,,,,,,,,,,,,,,,,,,,,29%,,,,,,25%,,,,,,,,,,,,,,,,,,,,,,,,,,,,,,,,,,,,,,,,,
,,,,,,,,,,,,,,,,,,,,,,,,,,,,,,,,,,,,,,,,,,,,,,,,29%,,,,,,24%,,,,,,,,,,,,,,,,,,,,,,,,,,,,,,,,,,,,,,,,,
,,,,,,,,,,,,,,,,,,,,,,,,,,,,,,,,,,,,,,,,,,,,,,,,,,,,,,24%,,,,,,,,,,,,,,,,,,,,,,,,,,,,,,,,,,,,,,,,,
,,,,,,,,,,,,,,,,,,,,,,,,,,,,,,,,,,,,,,,,,,,,,,,,,,,,,,24%,,,,,,,,,,,,,,,,,,,,,,,,,,,,,,,,,,,,,,,,,
,,,,,,,,,,,,,,,,,,,,,,,,,,,,,,,,,,,,,,,,,,,,,,,,,,,,,,24%,,,,,,,,,,,,,,,,,,,,,,,,,,,,,,,,,,,,,,,,,
,,,,,,,,,,,,,,,,,,,,,,,,,,,,,,,,,,,,,,,,,,,,,,,,,,,,,,24%,,,,,,,,,,,,,,,,,,,,,,,,,,,,,,,,,,,,,,,,,
,,,,,,,,,,,,,,,,,,,,,,,,,,,,,,,,,,,,,,,,,,,,,,,,,,,,,,24%,,,,,,,,,,,,,,,,,,,,,,,,,,,,,,,,,,,,,,,,,
,,,,,,,,,,,,,,,,,,,,,,,,,,,,,,,,,,,,,,,,,,,,,,,,,,,,,,24%,,,,,,,,,,,,,,,,,,,,,,,,,,,,,,,,,,,,,,,,,
,,,,,,,,,,,,,,,,,,,,,,,,,,,,,,,,,,,,,,,,,,,,,,,,,,,,,,24%,,,,,,,,,,,,,,,,,,,,,,,,,,,,,,,,,,,,,,,,,
,,,,,,,,,,,,,,,,,,,,,,,,,,,,,,,,,,,,,,,,,,,,,,,,,,,,,,24%,,,,,,,,,,,,,,,,,,,,,,,,,,,,,,,,,,,,,,,,,
,,,,,,,,,,,,,,,,,,,,,,,,,,,,,,,,,,,,,,,,,,,,,,,,,,,,,,24%,,,,,,,,,,,,,,,,,,,,,,,,,,,,,,,,,,,,,,,,,
,,,,,,,,,,,,,,,,,,,,,,,,,,,,,,,,,,,,,,,,,,,,,,,,,,,,,,24%,,,,,,,,,,,,,,,,,,,,,,,,,,,,,,,,,,,,,,,,,
