-2.9,-2.8,-2.6,-2.5,-2.4,-2.3,-2.2,-2.1,-2.0,-1.9,-1.8,-1.7,-1.6,-1.5,-1.4,-1.3,-1.2,-1.1,-1.0,-0.9,-0.8,-0.7,-0.6,-0.5,-0.4,-0.3,-0.2,-0.1,0.0,0.1,0.2,0.3,0.4,0.5,0.6,0.7,0.8,0.9,1.0,1.1,1.2,1.3,1.4,1.5,1.6,1.7,1.8,1.9,2.0,2.1,2.2,2.3,2.4,2.5,2.6,2.7,2.8,2.9,3.0
0%,0%,0%,0%,0%,0%,0%,0%,0%,0%,0%,0%,0%,0%,0%,0%,0%,0%,0%,0%,0%,0%,0%,0%,0%,0%,0%,0%,0%,0%,0%,0%,0%,0%,0%,0%,0%,0%,0%,0%,0%,0%,0%,0%,0%,0%,0%,0%,0%,0%,0%,0%,0%,0%,0%,0%,0%,0%,0%
0%,,0%,0%,100%,0%,0%,0%,0%,0%,0%,0%,0%,0%,0%,0%,0%,0%,0%,0%,0%,0%,0%,0%,0%,100%,0%,0%,0%,0%,0%,100%,0%,0%,100%,0%,0%,0%,0%,0%,0%,100%,0%,0%,0%,100%,0%,0%,0%,0%,100%,0%,0%,0%,0%,0%,0%,0%,0%
50%,,50%,0%,50%,0%,0%,0%,50%,0%,50%,50%,0%,0%,0%,50%,0%,0%,0%,50%,50%,0%,50%,0%,50%,100%,0%,0%,0%,0%,0%,50%,0%,0%,100%,0%,0%,50%,0%,0%,0%,50%,0%,0%,0%,50%,50%,0%,50%,0%,50%,0%,0%,0%,0%,0%,0%,0%,50%
,,33%,33%,33%,0%,0%,0%,33%,0%,33%,33%,33%,0%,0%,67%,0%,33%,0%,33%,33%,0%,33%,33%,33%,100%,33%,0%,0%,0%,0%,33%,0%,33%,67%,33%,0%,33%,33%,0%,33%,33%,0%,0%,0%,33%,33%,0%,33%,0%,33%,0%,33%,0%,0%,0%,0%,,
,,25%,,50%,25%,0%,0%,25%,25%,25%,50%,50%,0%,0%,75%,0%,25%,25%,25%,50%,0%,50%,50%,50%,75%,25%,25%,0%,0%,0%,25%,0%,25%,50%,25%,25%,25%,25%,0%,50%,25%,0%,0%,0%,25%,25%,25%,25%,0%,25%,0%,25%,0%,0%,0%,,,
,,,,40%,,0%,0%,20%,20%,20%,40%,40%,0%,0%,60%,20%,20%,20%,20%,60%,0%,40%,40%,60%,60%,40%,40%,0%,20%,20%,40%,0%,40%,40%,20%,20%,20%,40%,0%,40%,20%,0%,0%,20%,20%,20%,20%,40%,0%,20%,0%,20%,0%,0%,0%,,,
,,,,33%,,0%,0%,17%,17%,17%,33%,33%,0%,0%,50%,17%,17%,17%,17%,50%,17%,33%,33%,67%,67%,33%,33%,0%,17%,33%,33%,17%,50%,33%,33%,17%,17%,33%,17%,33%,33%,0%,0%,17%,33%,33%,17%,33%,17%,17%,0%,17%,0%,0%,,,,
,,,,,,0%,0%,29%,29%,29%,29%,29%,14%,0%,43%,29%,14%,14%,14%,57%,14%,43%,29%,57%,57%,43%,29%,14%,14%,43%,29%,14%,43%,43%,29%,14%,14%,29%,14%,29%,43%,0%,14%,14%,29%,29%,14%,29%,29%,14%,0%,29%,0%,,,,,
,,,,,,0%,12%,38%,38%,25%,25%,38%,12%,0%,38%,25%,12%,12%,12%,50%,12%,38%,25%,50%,50%,38%,25%,12%,25%,50%,25%,12%,50%,38%,38%,12%,25%,25%,25%,25%,38%,12%,12%,25%,25%,25%,12%,25%,25%,25%,0%,25%,0%,,,,,
,,,,,,0%,11%,33%,33%,22%,33%,33%,11%,0%,33%,22%,22%,11%,22%,44%,11%,44%,22%,44%,56%,33%,33%,22%,22%,44%,22%,22%,44%,44%,33%,11%,33%,22%,33%,22%,44%,22%,11%,33%,33%,22%,11%,22%,33%,22%,11%,22%,,,,,,
,,,,,,0%,20%,40%,30%,20%,30%,30%,10%,0%,30%,20%,20%,10%,30%,40%,20%,40%,20%,50%,50%,40%,40%,30%,20%,40%,20%,20%,40%,40%,30%,10%,30%,20%,30%,20%,50%,20%,10%,30%,40%,20%,10%,20%,30%,20%,10%,30%,,,,,,
,,,,,,0%,18%,36%,36%,18%,27%,27%,18%,0%,36%,27%,27%,9%,27%,45%,18%,45%,27%,45%,45%,45%,45%,27%,18%,36%,18%,18%,36%,36%,27%,18%,27%,18%,27%,18%,45%,18%,9%,27%,45%,18%,9%,18%,27%,18%,18%,27%,,,,,,
,,,,,,0%,17%,33%,42%,25%,25%,25%,25%,0%,33%,25%,25%,8%,25%,42%,17%,42%,25%,42%,50%,42%,42%,25%,25%,33%,17%,17%,33%,42%,25%,17%,33%,17%,25%,17%,50%,17%,8%,25%,42%,25%,17%,17%,25%,17%,17%,33%,,,,,,
,,,,,,,15%,38%,38%,23%,31%,23%,23%,8%,31%,31%,23%,8%,23%,38%,15%,38%,23%,38%,54%,38%,38%,31%,23%,31%,15%,23%,31%,38%,23%,23%,31%,15%,23%,15%,46%,15%,8%,31%,38%,31%,15%,15%,23%,23%,15%,,,,,,,
,,,,,,,14%,43%,36%,21%,36%,21%,21%,7%,29%,36%,21%,14%,21%,43%,21%,36%,21%,36%,50%,43%,43%,29%,29%,29%,14%,21%,29%,36%,29%,21%,29%,14%,21%,14%,43%,14%,7%,29%,36%,29%,14%,14%,21%,21%,21%,,,,,,,
,,,,,,,13%,40%,33%,20%,33%,20%,20%,7%,27%,33%,20%,20%,27%,47%,27%,33%,20%,33%,47%,40%,40%,27%,33%,33%,20%,20%,27%,33%,33%,20%,27%,20%,27%,20%,40%,13%,13%,27%,40%,27%,13%,13%,20%,20%,20%,,,,,,,
,,,,,,,12%,38%,31%,19%,31%,25%,19%,6%,25%,31%,19%,19%,25%,44%,25%,31%,25%,31%,44%,38%,44%,25%,38%,31%,19%,19%,31%,31%,31%,19%,31%,19%,25%,19%,38%,12%,12%,25%,44%,25%,12%,12%,19%,19%,25%,,,,,,,
,,,,,,,12%,35%,29%,18%,29%,24%,24%,12%,29%,29%,18%,18%,29%,41%,24%,29%,24%,29%,41%,35%,41%,24%,35%,35%,18%,24%,29%,29%,29%,18%,35%,18%,24%,18%,35%,12%,12%,24%,41%,24%,12%,12%,18%,24%,29%,,,,,,,
,,,,,,,11%,33%,28%,17%,28%,22%,22%,11%,28%,28%,17%,17%,33%,39%,28%,28%,22%,28%,39%,33%,39%,22%,33%,33%,17%,22%,33%,28%,28%,17%,33%,22%,22%,17%,39%,11%,11%,28%,39%,22%,17%,17%,22%,22%,28%,,,,,,,
,,,,,,,,32%,26%,16%,26%,21%,21%,11%,26%,26%,16%,16%,37%,42%,32%,26%,21%,26%,37%,32%,42%,21%,32%,32%,16%,21%,32%,32%,26%,21%,37%,21%,21%,21%,37%,16%,11%,32%,37%,21%,16%,16%,21%,21%,26%,,,,,,,
,,,,,,,,30%,25%,15%,30%,20%,20%,10%,25%,30%,15%,15%,35%,40%,30%,25%,20%,25%,35%,30%,40%,25%,30%,30%,15%,20%,30%,30%,25%,25%,35%,25%,25%,20%,35%,15%,15%,30%,35%,20%,20%,15%,25%,25%,30%,,,,,,,
,,,,,,,,29%,24%,14%,29%,19%,19%,14%,24%,29%,19%,14%,38%,38%,29%,24%,24%,29%,38%,33%,43%,24%,29%,29%,14%,19%,33%,29%,24%,29%,33%,24%,29%,19%,33%,14%,14%,29%,33%,19%,19%,14%,24%,29%,29%,,,,,,,
,,,,,,,,27%,23%,18%,27%,18%,18%,14%,23%,32%,18%,14%,36%,36%,27%,23%,23%,27%,36%,32%,45%,23%,27%,27%,14%,18%,32%,27%,23%,27%,32%,23%,27%,23%,32%,14%,14%,27%,36%,18%,23%,14%,23%,27%,,,,,,,,
,,,,,,,,26%,22%,17%,30%,17%,17%,13%,22%,35%,22%,13%,35%,35%,26%,22%,26%,26%,39%,30%,43%,26%,26%,26%,13%,17%,35%,26%,22%,30%,30%,22%,26%,22%,30%,13%,13%,30%,35%,17%,26%,13%,22%,30%,,,,,,,,
,,,,,,,,25%,25%,17%,29%,17%,17%,12%,21%,33%,25%,12%,33%,38%,25%,25%,25%,25%,38%,33%,46%,25%,29%,25%,12%,17%,38%,25%,21%,29%,29%,21%,25%,21%,33%,17%,17%,29%,33%,17%,25%,12%,25%,29%,,,,,,,,
,,,,,,,,24%,24%,16%,32%,20%,16%,16%,20%,32%,24%,12%,36%,36%,24%,24%,28%,28%,36%,36%,44%,24%,28%,24%,12%,20%,40%,24%,24%,28%,28%,20%,24%,20%,32%,16%,16%,32%,32%,16%,24%,12%,24%,28%,,,,,,,,
,,,,,,,,23%,23%,19%,31%,23%,19%,15%,19%,31%,23%,15%,35%,35%,27%,23%,31%,27%,38%,35%,46%,23%,27%,23%,12%,23%,38%,23%,23%,27%,27%,19%,23%,23%,35%,19%,15%,31%,31%,15%,23%,15%,23%,27%,,,,,,,,
,,,,,,,,22%,22%,19%,33%,26%,22%,15%,22%,30%,26%,15%,33%,33%,26%,22%,30%,30%,37%,33%,44%,22%,26%,22%,15%,26%,37%,22%,22%,26%,30%,19%,26%,26%,33%,22%,15%,30%,30%,15%,22%,15%,22%,30%,,,,,,,,
,,,,,,,,21%,21%,21%,36%,29%,21%,18%,21%,29%,29%,14%,32%,32%,25%,25%,32%,29%,36%,32%,46%,21%,25%,25%,14%,25%,36%,21%,21%,29%,29%,18%,25%,25%,32%,21%,18%,29%,29%,18%,25%,14%,25%,29%,,,,,,,,
,,,,,,,,21%,21%,21%,34%,31%,21%,21%,24%,28%,28%,14%,31%,34%,28%,28%,31%,31%,38%,31%,45%,21%,24%,24%,14%,28%,34%,21%,24%,28%,28%,17%,24%,28%,31%,21%,17%,28%,28%,17%,28%,14%,24%,28%,,,,,,,,
,,,,,,,,20%,,20%,33%,30%,20%,20%,23%,27%,27%,17%,30%,37%,27%,30%,33%,30%,37%,30%,43%,20%,23%,23%,17%,30%,33%,20%,23%,27%,27%,17%,23%,27%,30%,20%,20%,30%,27%,17%,27%,13%,23%,30%,,,,,,,,
,,,,,,,,,,23%,32%,29%,23%,19%,23%,26%,29%,19%,29%,35%,26%,29%,35%,32%,39%,29%,42%,19%,23%,26%,16%,29%,35%,19%,23%,29%,29%,16%,26%,29%,29%,19%,19%,29%,26%,16%,29%,13%,23%,,,,,,,,,
,,,,,,,,,,22%,34%,28%,22%,19%,22%,28%,28%,19%,28%,34%,25%,28%,34%,31%,38%,28%,41%,19%,22%,25%,16%,31%,34%,22%,22%,31%,28%,16%,28%,28%,31%,22%,19%,31%,28%,16%,28%,12%,22%,,,,,,,,,
,,,,,,,,,,21%,36%,27%,21%,21%,21%,27%,30%,18%,27%,33%,24%,27%,36%,30%,36%,27%,42%,21%,21%,24%,18%,30%,33%,21%,21%,30%,27%,18%,27%,27%,30%,21%,18%,30%,30%,15%,27%,12%,21%,,,,,,,,,
,,,,,,,,,,21%,35%,26%,21%,21%,21%,26%,32%,18%,26%,32%,24%,29%,35%,29%,35%,26%,41%,21%,21%,24%,18%,32%,32%,24%,21%,32%,26%,18%,26%,29%,29%,21%,21%,29%,29%,18%,29%,12%,21%,,,,,,,,,
,,,,,,,,,,23%,34%,26%,23%,20%,20%,26%,31%,17%,26%,31%,23%,29%,34%,31%,34%,26%,40%,23%,23%,23%,17%,34%,31%,23%,20%,31%,26%,17%,29%,31%,29%,23%,23%,31%,29%,17%,29%,11%,20%,,,,,,,,,
,,,,,,,,,,22%,33%,25%,25%,19%,19%,28%,31%,17%,28%,31%,22%,28%,33%,31%,33%,25%,42%,22%,22%,22%,19%,36%,31%,22%,19%,31%,25%,17%,28%,31%,28%,25%,25%,31%,31%,17%,28%,11%,19%,,,,,,,,,
,,,,,,,,,,24%,35%,24%,24%,22%,22%,30%,30%,16%,27%,30%,24%,27%,35%,30%,35%,24%,41%,22%,24%,22%,19%,38%,30%,22%,19%,30%,27%,16%,27%,30%,27%,27%,27%,30%,30%,19%,27%,11%,19%,,,,,,,,,
,,,,,,,,,,24%,37%,24%,24%,24%,21%,32%,32%,16%,29%,32%,24%,29%,34%,32%,34%,24%,39%,21%,24%,21%,18%,37%,29%,24%,18%,29%,29%,18%,29%,29%,26%,26%,26%,32%,29%,18%,26%,11%,18%,,,,,,,,,
,,,,,,,,,,26%,36%,23%,23%,23%,21%,31%,31%,15%,28%,31%,23%,28%,36%,31%,33%,23%,38%,23%,23%,21%,21%,36%,28%,26%,21%,31%,28%,18%,28%,28%,26%,26%,26%,31%,28%,21%,26%,10%,18%,,,,,,,,,
,,,,,,,,,,25%,38%,22%,25%,22%,20%,30%,30%,18%,28%,32%,22%,28%,35%,30%,32%,22%,38%,22%,22%,22%,20%,35%,28%,28%,20%,30%,30%,18%,28%,28%,28%,25%,28%,30%,28%,20%,25%,10%,18%,,,,,,,,,
,,,,,,,,,,,37%,22%,24%,22%,20%,29%,32%,17%,27%,32%,22%,29%,37%,32%,34%,24%,37%,24%,22%,22%,20%,37%,27%,29%,20%,29%,29%,20%,27%,27%,29%,27%,27%,29%,27%,20%,27%,10%,,,,,,,,,,
,,,,,,,,,,,38%,21%,26%,21%,19%,31%,31%,17%,26%,33%,21%,29%,36%,31%,33%,26%,36%,26%,21%,21%,19%,36%,26%,29%,19%,29%,31%,19%,29%,29%,29%,26%,26%,29%,29%,19%,26%,10%,,,,,,,,,,
,,,,,,,,,,,40%,21%,28%,21%,19%,30%,30%,16%,26%,35%,21%,28%,35%,33%,33%,26%,35%,28%,23%,23%,21%,35%,26%,30%,21%,30%,30%,19%,28%,28%,28%,28%,26%,28%,28%,19%,28%,9%,,,,,,,,,,
,,,,,,,,,,,39%,20%,27%,23%,18%,30%,30%,16%,25%,34%,20%,27%,34%,32%,32%,25%,36%,27%,23%,23%,20%,34%,27%,32%,23%,32%,30%,20%,30%,27%,27%,27%,27%,27%,27%,18%,27%,9%,,,,,,,,,,
,,,,,,,,,,,40%,20%,27%,22%,20%,29%,29%,16%,24%,33%,20%,27%,33%,31%,31%,24%,36%,27%,22%,22%,22%,33%,27%,31%,22%,31%,29%,20%,29%,27%,29%,29%,27%,27%,27%,18%,27%,9%,,,,,,,,,,
,,,,,,,,,,,39%,20%,26%,24%,22%,28%,30%,15%,24%,33%,20%,26%,33%,33%,30%,24%,35%,26%,22%,22%,22%,33%,26%,30%,22%,33%,28%,20%,28%,26%,30%,28%,28%,26%,28%,17%,26%,11%,,,,,,,,,,
,,,,,,,,,,,38%,19%,28%,23%,21%,28%,30%,15%,26%,32%,19%,28%,34%,34%,30%,23%,34%,26%,21%,21%,21%,32%,26%,30%,21%,32%,30%,19%,30%,26%,32%,30%,28%,26%,28%,17%,26%,11%,,,,,,,,,,
,,,,,,,,,,,38%,19%,27%,23%,21%,27%,29%,15%,25%,33%,19%,27%,35%,33%,31%,25%,33%,25%,21%,21%,23%,33%,25%,29%,23%,31%,29%,21%,29%,27%,31%,29%,27%,25%,27%,19%,25%,10%,,,,,,,,,,
,,,,,,,,,,,,18%,29%,22%,20%,27%,29%,16%,24%,33%,18%,27%,37%,35%,31%,24%,33%,27%,20%,22%,24%,33%,24%,29%,22%,31%,29%,20%,29%,29%,31%,29%,27%,24%,27%,18%,24%,10%,,,,,,,,,,
,,,,,,,,,,,,18%,28%,22%,20%,26%,28%,16%,24%,34%,18%,28%,36%,34%,30%,24%,34%,26%,20%,22%,24%,32%,24%,28%,22%,30%,28%,20%,28%,30%,30%,30%,26%,26%,26%,18%,26%,12%,,,,,,,,,,
,,,,,,,,,,,,18%,27%,22%,20%,25%,27%,16%,25%,35%,20%,27%,35%,33%,29%,25%,35%,25%,20%,22%,25%,31%,24%,27%,22%,29%,27%,20%,27%,31%,31%,29%,25%,25%,25%,18%,25%,14%,,,,,,,,,,
,,,,,,,,,,,,17%,27%,21%,19%,25%,29%,17%,25%,37%,21%,29%,35%,33%,31%,25%,35%,25%,19%,23%,25%,33%,23%,27%,21%,29%,29%,21%,29%,33%,33%,29%,25%,27%,25%,17%,27%,,,,,,,,,,,
,,,,,,,,,,,,19%,26%,21%,21%,25%,28%,19%,25%,36%,23%,28%,34%,34%,32%,25%,36%,25%,19%,25%,26%,32%,23%,26%,21%,28%,28%,23%,28%,32%,32%,28%,25%,26%,25%,17%,26%,,,,,,,,,,,
,,,,,,,,,,,,19%,28%,20%,20%,24%,28%,19%,24%,35%,22%,28%,33%,35%,33%,24%,35%,26%,19%,26%,28%,31%,22%,26%,20%,30%,30%,22%,30%,31%,31%,28%,24%,26%,26%,19%,26%,,,,,,,,,,,
,,,,,,,,,,,,18%,27%,20%,20%,24%,29%,18%,25%,35%,24%,27%,33%,35%,33%,25%,35%,25%,18%,27%,27%,33%,24%,25%,22%,29%,29%,22%,29%,31%,31%,27%,24%,27%,27%,18%,25%,,,,,,,,,,,
,,,,,,,,,,,,18%,27%,20%,20%,23%,29%,18%,25%,34%,25%,27%,32%,34%,34%,25%,34%,27%,18%,27%,27%,32%,25%,25%,23%,29%,29%,21%,29%,30%,32%,27%,23%,27%,27%,20%,25%,,,,,,,,,,,
,,,,,,,,,,,,18%,26%,19%,19%,23%,30%,19%,25%,33%,26%,28%,32%,35%,33%,25%,33%,26%,18%,26%,28%,32%,26%,25%,23%,28%,28%,21%,28%,30%,32%,28%,23%,28%,28%,19%,26%,,,,,,,,,,,
,,,,,,,,,,,,17%,26%,19%,19%,22%,29%,19%,24%,33%,26%,28%,31%,34%,33%,24%,33%,26%,17%,26%,29%,31%,26%,24%,22%,28%,28%,21%,28%,29%,31%,29%,24%,29%,29%,19%,26%,,,,,,,,,,,
,,,,,,,,,,,,19%,25%,20%,19%,24%,31%,19%,24%,34%,25%,27%,31%,34%,32%,24%,32%,27%,17%,25%,29%,31%,27%,24%,24%,27%,27%,20%,27%,31%,32%,29%,24%,31%,29%,20%,25%,,,,,,,,,,,
,,,,,,,,,,,,18%,25%,20%,18%,23%,32%,20%,23%,33%,25%,28%,30%,33%,32%,25%,32%,28%,18%,25%,28%,32%,28%,25%,25%,27%,28%,22%,27%,30%,32%,28%,23%,30%,28%,20%,25%,,,,,,,,,,,
,,,,,,,,,,,,18%,25%,20%,20%,25%,33%,21%,23%,33%,25%,28%,30%,33%,31%,25%,33%,28%,18%,25%,28%,33%,28%,26%,26%,26%,28%,21%,26%,30%,31%,28%,23%,30%,30%,20%,25%,,,,,,,,,,,
,,,,,,,,,,,,18%,26%,21%,21%,24%,34%,21%,23%,32%,24%,27%,29%,32%,31%,24%,32%,29%,18%,26%,29%,32%,27%,26%,26%,26%,29%,23%,26%,31%,32%,27%,23%,31%,29%,19%,24%,,,,,,,,,,,
,,,,,,,,,,,,19%,27%,21%,22%,24%,33%,21%,22%,32%,25%,27%,29%,32%,32%,25%,32%,29%,17%,25%,29%,32%,27%,25%,25%,25%,29%,24%,25%,30%,32%,27%,22%,30%,29%,19%,25%,,,,,,,,,,,
,,,,,,,,,,,,,28%,22%,22%,25%,34%,20%,22%,31%,25%,27%,28%,31%,33%,27%,33%,28%,17%,25%,28%,31%,27%,25%,27%,25%,28%,25%,25%,30%,33%,27%,23%,30%,28%,19%,25%,,,,,,,,,,,
,,,,,,,,,,,,,28%,22%,23%,25%,34%,20%,22%,32%,25%,26%,29%,31%,32%,26%,32%,28%,17%,25%,28%,31%,26%,25%,26%,25%,28%,25%,25%,29%,32%,26%,23%,31%,28%,18%,26%,,,,,,,,,,,
,,,,,,,,,,,,,29%,21%,23%,24%,33%,21%,23%,33%,24%,26%,30%,30%,33%,26%,32%,27%,17%,24%,27%,30%,26%,26%,27%,26%,29%,24%,26%,29%,33%,26%,23%,30%,27%,18%,27%,,,,,,,,,,,
,,,,,,,,,,,,,28%,22%,24%,24%,33%,22%,22%,33%,24%,27%,31%,31%,33%,25%,31%,27%,16%,25%,27%,30%,27%,25%,27%,25%,28%,25%,25%,30%,33%,25%,22%,30%,27%,18%,27%,,,,,,,,,,,
,,,,,,,,,,,,,28%,22%,24%,24%,32%,24%,22%,32%,24%,26%,31%,32%,32%,25%,31%,26%,16%,26%,28%,29%,26%,25%,26%,25%,28%,25%,25%,31%,32%,25%,22%,29%,26%,19%,26%,,,,,,,,,,,
,,,,,,,,,,,,,29%,22%,23%,23%,32%,25%,22%,33%,23%,26%,30%,32%,32%,25%,30%,26%,17%,26%,28%,29%,26%,25%,26%,26%,28%,25%,25%,30%,32%,25%,22%,30%,28%,19%,26%,,,,,,,,,,,
,,,,,,,,,,,,,29%,21%,24%,23%,31%,24%,23%,33%,24%,26%,31%,31%,33%,24%,30%,26%,17%,26%,27%,29%,26%,24%,26%,27%,29%,24%,24%,30%,31%,24%,21%,30%,27%,19%,26%,,,,,,,,,,,
,,,,,,,,,,,,,28%,23%,24%,23%,32%,25%,23%,34%,24%,25%,31%,31%,32%,24%,31%,25%,17%,25%,28%,28%,25%,24%,25%,27%,30%,24%,24%,30%,32%,24%,23%,30%,27%,20%,25%,,,,,,,,,,,
,,,,,,,,,,,,,28%,24%,24%,22%,32%,25%,22%,35%,24%,25%,32%,31%,32%,24%,31%,25%,17%,26%,28%,28%,25%,24%,26%,26%,29%,24%,24%,31%,33%,24%,24%,29%,26%,21%,26%,,,,,,,,,,,
,,,,,,,,,,,,,27%,25%,23%,22%,32%,26%,23%,34%,23%,26%,32%,30%,32%,23%,32%,25%,16%,26%,29%,27%,26%,25%,27%,26%,29%,25%,23%,30%,34%,23%,23%,29%,26%,21%,26%,,,,,,,,,,,
,,,,,,,,,,,,,27%,24%,23%,23%,32%,27%,24%,35%,23%,27%,31%,30%,31%,23%,31%,24%,18%,26%,28%,28%,27%,24%,28%,26%,28%,26%,23%,30%,34%,23%,24%,28%,27%,22%,27%,,,,,,,,,,,
,,,,,,,,,,,,,28%,25%,23%,24%,33%,27%,25%,35%,23%,27%,32%,31%,31%,23%,31%,25%,17%,25%,29%,28%,27%,24%,28%,25%,28%,27%,23%,29%,33%,23%,24%,28%,27%,23%,27%,,,,,,,,,,,
,,,,,,,,,,,,,28%,25%,22%,24%,33%,26%,25%,36%,24%,26%,32%,30%,32%,22%,32%,26%,17%,26%,29%,28%,26%,25%,28%,25%,29%,26%,22%,30%,33%,24%,25%,29%,26%,22%,26%,,,,,,,,,,,
,,,,,,,,,,,,,27%,25%,22%,25%,32%,27%,25%,35%,23%,27%,31%,30%,31%,22%,31%,26%,17%,26%,29%,27%,26%,25%,27%,25%,30%,27%,23%,30%,32%,23%,26%,29%,26%,23%,,,,,,,,,,,,
,,,,,,,,,,,,,27%,24%,22%,26%,33%,27%,24%,35%,23%,27%,31%,29%,31%,22%,31%,26%,17%,27%,28%,27%,26%,26%,27%,24%,31%,28%,23%,29%,32%,23%,26%,29%,26%,23%,,,,,,,,,,,,
,,,,,,,,,,,,,28%,25%,23%,25%,33%,28%,24%,34%,23%,27%,32%,30%,30%,22%,30%,25%,18%,27%,28%,27%,25%,25%,27%,25%,30%,28%,23%,29%,32%,23%,27%,29%,,23%,,,,,,,,,,,,
,,,,,,,,,,,,,28%,25%,24%,25%,32%,28%,24%,34%,22%,26%,31%,31%,30%,21%,30%,25%,18%,26%,28%,26%,25%,26%,26%,26%,31%,28%,22%,29%,31%,22%,26%,29%,,24%,,,,,,,,,,,,
,,,,,,,,,,,,,27%,26%,23%,26%,33%,27%,25%,33%,22%,26%,31%,31%,31%,21%,30%,26%,17%,26%,27%,26%,25%,26%,26%,26%,31%,28%,23%,28%,31%,23%,26%,28%,,23%,,,,,,,,,,,,
,,,,,,,,,,,,,27%,26%,23%,26%,34%,28%,24%,33%,22%,26%,30%,30%,32%,21%,29%,26%,17%,26%,27%,26%,24%,26%,26%,27%,32%,28%,23%,28%,30%,24%,26%,28%,,23%,,,,,,,,,,,,
,,,,,,,,,,,,,27%,25%,23%,25%,34%,29%,25%,33%,23%,25%,30%,30%,33%,20%,29%,25%,17%,27%,28%,25%,24%,25%,25%,27%,31%,28%,23%,28%,30%,24%,27%,29%,,23%,,,,,,,,,,,,
,,,,,,,,,,,,,26%,25%,23%,25%,33%,29%,25%,32%,23%,26%,31%,30%,32%,20%,30%,25%,17%,26%,27%,25%,24%,25%,25%,26%,32%,27%,23%,29%,30%,24%,27%,29%,,23%,,,,,,,,,,,,
,,,,,,,,,,,,,27%,26%,24%,26%,33%,28%,25%,32%,22%,26%,31%,29%,32%,20%,29%,26%,16%,26%,28%,26%,24%,25%,25%,26%,33%,27%,24%,28%,29%,24%,27%,28%,,22%,,,,,,,,,,,,
,,,,,,,,,,,,,,26%,23%,26%,33%,28%,24%,31%,22%,26%,30%,30%,31%,20%,29%,26%,16%,26%,28%,26%,23%,24%,24%,26%,33%,28%,23%,28%,29%,23%,28%,28%,,22%,,,,,,,,,,,,
,,,,,,,,,,,,,,26%,23%,25%,32%,28%,24%,31%,22%,25%,30%,31%,32%,21%,29%,26%,17%,25%,28%,25%,24%,24%,24%,26%,32%,28%,23%,28%,30%,23%,29%,28%,,22%,,,,,,,,,,,,
,,,,,,,,,,,,,,26%,23%,25%,32%,27%,24%,31%,22%,25%,30%,31%,32%,22%,30%,26%,17%,25%,27%,25%,25%,24%,25%,27%,32%,28%,23%,28%,30%,24%,30%,27%,,,,,,,,,,,,,,
,,,,,,,,,,,,,,26%,22%,26%,33%,27%,25%,30%,21%,25%,29%,31%,31%,21%,29%,26%,17%,25%,27%,26%,26%,24%,25%,27%,31%,28%,22%,28%,29%,24%,29%,27%,,,,,,,,,,,,,,
,,,,,,,,,,,,,,26%,22%,27%,32%,27%,24%,31%,22%,24%,29%,31%,32%,22%,29%,26%,17%,24%,27%,26%,26%,23%,24%,28%,31%,28%,22%,28%,29%,23%,30%,27%,,,,,,,,,,,,,,
,,,,,,,,,,,,,,25%,23%,27%,32%,26%,24%,31%,22%,24%,30%,32%,32%,22%,29%,25%,16%,24%,27%,26%,25%,23%,24%,27%,31%,27%,22%,27%,29%,23%,30%,26%,,,,,,,,,,,,,,
,,,,,,,,,,,,,,25%,24%,27%,32%,26%,24%,32%,23%,24%,29%,32%,32%,23%,28%,26%,17%,24%,28%,26%,26%,23%,24%,28%,30%,27%,22%,27%,28%,23%,29%,26%,,,,,,,,,,,,,,
,,,,,,,,,,,,,,26%,25%,27%,31%,26%,24%,31%,23%,25%,29%,31%,31%,23%,28%,26%,18%,25%,28%,27%,27%,23%,24%,28%,30%,27%,22%,28%,29%,23%,29%,27%,,,,,,,,,,,,,,
,,,,,,,,,,,,,,27%,24%,27%,31%,26%,23%,31%,23%,24%,30%,31%,32%,22%,28%,27%,19%,26%,29%,27%,28%,22%,24%,28%,31%,27%,21%,28%,29%,22%,29%,28%,,,,,,,,,,,,,,
,,,,,,,,,,,,,,27%,24%,26%,31%,25%,24%,32%,23%,25%,29%,32%,32%,22%,27%,27%,19%,26%,28%,26%,27%,22%,25%,27%,32%,26%,22%,27%,28%,22%,28%,27%,,,,,,,,,,,,,,
,,,,,,,,,,,,,,27%,24%,26%,30%,25%,24%,32%,23%,25%,30%,31%,32%,23%,27%,27%,20%,26%,28%,26%,27%,22%,25%,28%,31%,26%,23%,27%,28%,22%,28%,27%,,,,,,,,,,,,,,
,,,,,,,,,,,,,,27%,24%,26%,30%,25%,24%,32%,23%,25%,31%,31%,32%,24%,27%,28%,20%,27%,29%,26%,28%,22%,25%,28%,32%,26%,24%,27%,29%,23%,28%,28%,,,,,,,,,,,,,,
,,,,,,,,,,,,,,27%,24%,27%,30%,24%,23%,33%,22%,24%,31%,31%,32%,23%,27%,28%,19%,27%,29%,27%,29%,21%,24%,29%,33%,26%,23%,27%,29%,23%,28%,28%,,,,,,,,,,,,,,
,,,,,,,,,,,,,,26%,25%,27%,30%,24%,23%,32%,23%,24%,30%,31%,31%,23%,27%,28%,19%,26%,29%,27%,29%,21%,24%,28%,32%,26%,23%,26%,28%,23%,27%,28%,,,,,,,,,,,,,,
,,,,,,,,,,,,,,26%,26%,27%,31%,25%,23%,32%,23%,24%,31%,31%,31%,24%,27%,29%,19%,26%,30%,27%,29%,21%,24%,29%,32%,27%,23%,26%,28%,23%,28%,28%,,,,,,,,,,,,,,
,,,,,,,,,,,,,,26%,26%,27%,31%,25%,24%,32%,24%,25%,31%,31%,31%,25%,27%,29%,19%,26%,30%,28%,29%,21%,25%,29%,32%,27%,23%,26%,28%,23%,29%,29%,,,,,,,,,,,,,,
,,,,,,,,,,,,,,26%,25%,26%,30%,25%,24%,31%,25%,25%,30%,30%,30%,25%,27%,29%,19%,25%,29%,27%,28%,22%,25%,28%,31%,26%,23%,26%,27%,23%,29%,28%,,,,,,,,,,,,,,
,,,,,,,,,,,,,,,26%,26%,31%,24%,24%,31%,25%,25%,30%,30%,30%,25%,27%,29%,18%,25%,30%,27%,29%,22%,24%,29%,31%,26%,23%,26%,27%,22%,29%,28%,,,,,,,,,,,,,,
,,,,,,,,,,,,,,,26%,26%,31%,24%,24%,31%,25%,25%,30%,30%,30%,25%,28%,29%,18%,25%,31%,28%,30%,23%,25%,29%,32%,26%,24%,26%,28%,22%,29%,28%,,,,,,,,,,,,,,
,,,,,,,,,,,,,,,27%,27%,31%,24%,24%,30%,25%,25%,30%,30%,30%,25%,28%,29%,19%,25%,31%,28%,30%,23%,25%,29%,32%,27%,24%,27%,28%,23%,29%,28%,,,,,,,,,,,,,,
,,,,,,,,,,,,,,,26%,26%,31%,24%,24%,30%,25%,25%,29%,29%,30%,25%,27%,28%,20%,25%,31%,27%,29%,24%,25%,28%,33%,27%,24%,26%,27%,23%,28%,27%,,,,,,,,,,,,,,
,,,,,,,,,,,,,,,26%,26%,31%,23%,23%,31%,24%,24%,30%,29%,30%,24%,28%,28%,20%,25%,31%,27%,29%,23%,25%,28%,34%,27%,23%,26%,28%,22%,28%,27%,,,,,,,,,,,,,,
,,,,,,,,,,,,,,,26%,26%,31%,24%,23%,31%,25%,24%,30%,29%,30%,24%,28%,29%,19%,25%,31%,27%,29%,23%,26%,29%,34%,27%,23%,26%,28%,22%,28%,27%,,,,,,,,,,,,,,
,,,,,,,,,,,,,,,26%,26%,30%,24%,23%,30%,25%,24%,29%,28%,29%,24%,28%,29%,19%,25%,31%,27%,28%,23%,27%,28%,34%,27%,23%,27%,28%,22%,28%,27%,,,,,,,,,,,,,,
,,,,,,,,,,,,,,,25%,25%,30%,24%,24%,30%,25%,24%,30%,29%,29%,24%,28%,29%,19%,25%,31%,26%,28%,23%,26%,28%,34%,26%,23%,26%,27%,22%,28%,26%,,,,,,,,,,,,,,
,,,,,,,,,,,,,,,25%,25%,30%,23%,23%,30%,24%,23%,30%,30%,30%,23%,28%,30%,19%,24%,31%,27%,28%,23%,26%,28%,33%,27%,23%,26%,27%,22%,29%,26%,,,,,,,,,,,,,,
,,,,,,,,,,,,,,,26%,25%,29%,24%,24%,30%,24%,24%,30%,29%,30%,24%,29%,29%,19%,24%,30%,27%,28%,23%,26%,29%,33%,28%,22%,26%,27%,21%,29%,26%,,,,,,,,,,,,,,
,,,,,,,,,,,,,,,26%,25%,30%,25%,24%,30%,24%,24%,30%,30%,30%,24%,28%,29%,19%,24%,31%,27%,27%,23%,26%,28%,33%,28%,22%,26%,27%,21%,29%,27%,,,,,,,,,,,,,,
,,,,,,,,,,,,,,,25%,25%,30%,25%,24%,30%,24%,24%,31%,30%,30%,25%,28%,29%,19%,24%,31%,26%,27%,23%,25%,29%,33%,29%,23%,25%,26%,21%,29%,26%,,,,,,,,,,,,,,
,,,,,,,,,,,,,,,25%,24%,30%,25%,23%,30%,23%,23%,31%,30%,30%,24%,29%,29%,19%,23%,30%,26%,27%,23%,25%,29%,34%,29%,23%,25%,27%,21%,29%,26%,,,,,,,,,,,,,,
,,,,,,,,,,,,,,,25%,24%,29%,26%,23%,29%,23%,23%,31%,30%,31%,24%,28%,28%,19%,23%,30%,27%,27%,23%,25%,28%,34%,28%,23%,25%,27%,22%,28%,27%,,,,,,,,,,,,,,
,,,,,,,,,,,,,,,25%,24%,30%,26%,23%,29%,24%,23%,31%,31%,31%,24%,29%,29%,19%,23%,31%,26%,27%,23%,25%,28%,33%,28%,23%,25%,27%,21%,28%,27%,,,,,,,,,,,,,,
,,,,,,,,,,,,,,,25%,25%,30%,26%,23%,29%,25%,24%,31%,31%,31%,24%,30%,29%,19%,23%,31%,27%,27%,24%,25%,29%,33%,28%,23%,25%,27%,21%,28%,27%,,,,,,,,,,,,,,
,,,,,,,,,,,,,,,24%,24%,30%,26%,23%,29%,24%,24%,31%,30%,31%,24%,30%,29%,18%,23%,31%,28%,28%,24%,24%,29%,34%,29%,23%,24%,27%,21%,28%,28%,,,,,,,,,,,,,,
,,,,,,,,,,,,,,,24%,25%,30%,26%,22%,29%,25%,24%,31%,31%,32%,23%,30%,28%,18%,22%,31%,28%,28%,23%,25%,28%,33%,28%,22%,24%,27%,21%,28%,28%,,,,,,,,,,,,,,
,,,,,,,,,,,,,,,24%,25%,30%,26%,22%,29%,25%,25%,31%,31%,31%,23%,30%,29%,18%,22%,31%,28%,27%,23%,26%,28%,33%,28%,22%,24%,27%,21%,29%,28%,,,,,,,,,,,,,,
,,,,,,,,,,,,,,,24%,25%,30%,26%,22%,29%,25%,25%,30%,30%,31%,23%,30%,29%,18%,23%,31%,29%,27%,23%,25%,28%,33%,29%,22%,25%,27%,20%,29%,28%,,,,,,,,,,,,,,
,,,,,,,,,,,,,,,24%,24%,30%,26%,22%,29%,24%,25%,30%,30%,32%,23%,29%,29%,18%,24%,31%,29%,27%,23%,25%,28%,33%,28%,22%,24%,27%,20%,28%,28%,,,,,,,,,,,,,,
,,,,,,,,,,,,,,,24%,25%,30%,26%,22%,29%,24%,26%,30%,30%,31%,23%,30%,29%,18%,23%,31%,29%,27%,23%,25%,27%,32%,29%,23%,25%,27%,20%,28%,27%,,,,,,,,,,,,,,
,,,,,,,,,,,,,,,25%,25%,30%,26%,22%,30%,24%,26%,30%,30%,31%,22%,30%,29%,18%,23%,30%,29%,26%,23%,25%,28%,32%,30%,22%,25%,27%,21%,28%,28%,,,,,,,,,,,,,,
,,,,,,,,,,,,,,,25%,25%,29%,25%,21%,30%,24%,26%,29%,30%,31%,23%,30%,29%,18%,23%,31%,29%,27%,23%,25%,29%,32%,29%,23%,25%,28%,21%,29%,28%,,,,,,,,,,,,,,
,,,,,,,,,,,,,,,24%,24%,30%,25%,21%,30%,24%,27%,29%,31%,31%,23%,31%,29%,18%,23%,31%,29%,27%,23%,25%,28%,32%,30%,23%,24%,28%,20%,28%,28%,,,,,,,,,,,,,,
,,,,,,,,,,,,,,,24%,24%,30%,25%,21%,30%,23%,27%,30%,30%,31%,23%,31%,29%,18%,23%,30%,29%,27%,23%,25%,28%,32%,30%,23%,24%,27%,20%,28%,28%,,,,,,,,,,,,,,
,,,,,,,,,,,,,,,25%,24%,29%,25%,21%,29%,23%,27%,30%,30%,31%,24%,31%,29%,18%,22%,30%,29%,27%,22%,25%,28%,32%,30%,22%,25%,27%,20%,29%,28%,,,,,,,,,,,,,,
,,,,,,,,,,,,,,,25%,24%,29%,25%,21%,30%,24%,28%,30%,31%,31%,24%,31%,29%,18%,23%,30%,28%,28%,22%,25%,28%,32%,30%,22%,25%,27%,21%,28%,28%,,,,,,,,,,,,,,
,,,,,,,,,,,,,,,25%,24%,29%,25%,21%,30%,24%,27%,30%,31%,31%,24%,31%,29%,18%,24%,31%,28%,27%,23%,25%,28%,31%,30%,22%,24%,27%,21%,28%,28%,,,,,,,,,,,,,,
,,,,,,,,,,,,,,,26%,24%,30%,26%,20%,30%,23%,27%,30%,30%,32%,24%,31%,30%,18%,23%,30%,29%,27%,23%,25%,28%,31%,30%,23%,25%,27%,20%,28%,28%,,,,,,,,,,,,,,
,,,,,,,,,,,,,,,26%,25%,30%,26%,20%,30%,23%,28%,30%,30%,32%,25%,31%,29%,18%,23%,30%,29%,28%,23%,26%,28%,31%,29%,23%,25%,27%,20%,28%,,,,,,,,,,,,,,,
,,,,,,,,,,,,,,,25%,25%,30%,26%,20%,30%,23%,28%,30%,31%,31%,25%,31%,29%,18%,23%,30%,28%,28%,23%,25%,28%,31%,30%,22%,25%,27%,20%,28%,,,,,,,,,,,,,,,
,,,,,,,,,,,,,,,25%,25%,30%,26%,20%,30%,23%,28%,30%,30%,31%,26%,31%,29%,18%,23%,30%,29%,27%,23%,25%,27%,30%,30%,22%,25%,27%,21%,29%,,,,,,,,,,,,,,,
,,,,,,,,,,,,,,,25%,25%,29%,26%,20%,31%,23%,29%,30%,30%,31%,26%,32%,29%,18%,23%,29%,29%,27%,23%,25%,27%,31%,29%,22%,25%,27%,21%,29%,,,,,,,,,,,,,,,
,,,,,,,,,,,,,,,25%,25%,29%,26%,20%,31%,23%,28%,30%,31%,31%,26%,31%,29%,18%,23%,29%,29%,28%,23%,25%,27%,31%,30%,22%,25%,27%,21%,28%,,,,,,,,,,,,,,,
,,,,,,,,,,,,,,,25%,25%,29%,26%,20%,30%,22%,28%,30%,30%,31%,26%,31%,30%,17%,22%,30%,29%,28%,24%,25%,27%,30%,30%,22%,25%,27%,21%,28%,,,,,,,,,,,,,,,
,,,,,,,,,,,,,,,24%,25%,29%,26%,20%,30%,22%,28%,30%,31%,31%,26%,32%,29%,17%,23%,29%,29%,28%,24%,24%,27%,30%,29%,22%,26%,27%,22%,29%,,,,,,,,,,,,,,,
,,,,,,,,,,,,,,,24%,25%,29%,26%,20%,30%,22%,28%,31%,31%,31%,26%,31%,29%,17%,23%,29%,29%,28%,24%,25%,26%,30%,30%,23%,26%,27%,21%,29%,,,,,,,,,,,,,,,
,,,,,,,,,,,,,,,24%,25%,28%,26%,20%,30%,22%,28%,30%,31%,30%,26%,31%,29%,18%,23%,29%,29%,28%,24%,25%,26%,30%,30%,23%,26%,28%,21%,29%,,,,,,,,,,,,,,,
,,,,,,,,,,,,,,,24%,25%,28%,25%,20%,30%,22%,27%,30%,31%,30%,26%,31%,29%,18%,24%,30%,29%,29%,24%,25%,27%,30%,30%,23%,27%,28%,21%,29%,,,,,,,,,,,,,,,
,,,,,,,,,,,,,,,24%,24%,28%,25%,20%,29%,22%,27%,30%,31%,31%,26%,31%,29%,17%,24%,29%,29%,29%,24%,25%,27%,30%,29%,22%,27%,28%,21%,29%,,,,,,,,,,,,,,,
,,,,,,,,,,,,,,,24%,24%,28%,26%,21%,29%,22%,27%,30%,31%,31%,26%,31%,29%,18%,24%,29%,28%,28%,24%,26%,26%,30%,29%,22%,27%,28%,22%,28%,,,,,,,,,,,,,,,
,,,,,,,,,,,,,,,24%,24%,28%,26%,21%,29%,22%,27%,30%,30%,31%,26%,31%,29%,18%,25%,29%,28%,28%,24%,26%,26%,30%,29%,23%,28%,28%,22%,28%,,,,,,,,,,,,,,,
,,,,,,,,,,,,,,,24%,24%,27%,25%,21%,29%,23%,27%,29%,30%,32%,25%,31%,29%,18%,25%,29%,29%,29%,24%,26%,26%,30%,29%,23%,27%,27%,22%,28%,,,,,,,,,,,,,,,
,,,,,,,,,,,,,,,24%,24%,28%,25%,20%,29%,23%,27%,29%,30%,31%,25%,31%,29%,18%,24%,29%,29%,29%,24%,26%,26%,30%,29%,23%,27%,27%,22%,28%,,,,,,,,,,,,,,,
,,,,,,,,,,,,,,,24%,24%,28%,25%,20%,29%,23%,28%,29%,30%,32%,26%,30%,29%,18%,24%,29%,28%,28%,24%,26%,26%,30%,29%,23%,27%,27%,22%,28%,,,,,,,,,,,,,,,
,,,,,,,,,,,,,,,24%,23%,28%,25%,20%,29%,23%,28%,29%,31%,32%,26%,30%,29%,17%,24%,30%,28%,28%,23%,26%,26%,30%,29%,23%,27%,27%,22%,28%,,,,,,,,,,,,,,,
,,,,,,,,,,,,,,,,23%,28%,25%,20%,29%,24%,27%,29%,31%,31%,25%,30%,29%,17%,25%,29%,28%,28%,23%,26%,25%,29%,29%,23%,27%,27%,22%,28%,,,,,,,,,,,,,,,
,,,,,,,,,,,,,,,,23%,28%,25%,21%,28%,25%,27%,29%,30%,31%,26%,30%,29%,17%,25%,29%,28%,28%,23%,26%,25%,29%,29%,24%,26%,27%,23%,28%,,,,,,,,,,,,,,,
,,,,,,,,,,,,,,,,23%,28%,25%,20%,28%,24%,27%,29%,31%,31%,26%,30%,29%,17%,25%,29%,28%,28%,23%,26%,25%,29%,30%,24%,26%,27%,22%,28%,,,,,,,,,,,,,,,
,,,,,,,,,,,,,,,,24%,29%,25%,20%,28%,24%,27%,29%,31%,31%,25%,29%,29%,17%,25%,29%,28%,28%,23%,25%,25%,29%,29%,24%,26%,27%,23%,27%,,,,,,,,,,,,,,,
,,,,,,,,,,,,,,,,24%,29%,26%,20%,28%,24%,27%,29%,32%,31%,26%,29%,29%,18%,25%,30%,29%,28%,23%,25%,25%,30%,29%,25%,26%,27%,23%,27%,,,,,,,,,,,,,,,
,,,,,,,,,,,,,,,,25%,28%,26%,20%,28%,24%,28%,29%,32%,30%,26%,29%,28%,18%,25%,30%,28%,28%,23%,26%,25%,30%,29%,25%,26%,26%,23%,27%,,,,,,,,,,,,,,,
,,,,,,,,,,,,,,,,25%,28%,26%,21%,28%,24%,28%,29%,32%,30%,27%,29%,28%,18%,25%,30%,28%,28%,23%,26%,24%,29%,29%,24%,26%,26%,22%,27%,,,,,,,,,,,,,,,
,,,,,,,,,,,,,,,,25%,29%,26%,20%,27%,24%,27%,29%,32%,30%,27%,29%,28%,18%,25%,30%,28%,27%,23%,25%,24%,30%,29%,25%,26%,26%,22%,27%,,,,,,,,,,,,,,,
,,,,,,,,,,,,,,,,25%,28%,26%,20%,27%,23%,27%,28%,32%,30%,27%,28%,28%,18%,25%,30%,28%,28%,23%,25%,24%,30%,28%,25%,26%,26%,22%,27%,,,,,,,,,,,,,,,
,,,,,,,,,,,,,,,,26%,28%,26%,20%,27%,23%,27%,28%,31%,30%,27%,28%,28%,18%,26%,30%,28%,28%,23%,25%,24%,30%,29%,25%,26%,26%,22%,26%,,,,,,,,,,,,,,,
,,,,,,,,,,,,,,,,26%,28%,26%,20%,27%,23%,27%,29%,31%,29%,27%,28%,29%,18%,26%,29%,28%,28%,23%,25%,24%,29%,29%,24%,26%,26%,22%,27%,,,,,,,,,,,,,,,
,,,,,,,,,,,,,,,,25%,29%,26%,20%,27%,24%,27%,29%,32%,29%,27%,29%,29%,18%,25%,29%,27%,28%,23%,25%,24%,30%,29%,24%,26%,26%,22%,27%,,,,,,,,,,,,,,,
,,,,,,,,,,,,,,,,25%,29%,26%,20%,27%,23%,27%,28%,31%,29%,27%,28%,28%,18%,25%,29%,27%,28%,23%,25%,23%,30%,28%,25%,26%,27%,22%,27%,,,,,,,,,,,,,,,
,,,,,,,,,,,,,,,,25%,29%,26%,20%,27%,23%,27%,28%,32%,29%,26%,28%,28%,18%,26%,29%,27%,28%,23%,25%,23%,30%,28%,25%,26%,26%,22%,27%,,,,,,,,,,,,,,,
,,,,,,,,,,,,,,,,25%,29%,26%,21%,27%,23%,27%,28%,32%,29%,27%,28%,28%,18%,26%,29%,27%,28%,23%,25%,23%,30%,28%,24%,26%,26%,23%,27%,,,,,,,,,,,,,,,
,,,,,,,,,,,,,,,,25%,28%,25%,21%,27%,24%,27%,28%,32%,28%,27%,28%,28%,18%,26%,28%,27%,28%,24%,25%,23%,30%,28%,24%,25%,26%,22%,27%,,,,,,,,,,,,,,,
,,,,,,,,,,,,,,,,25%,29%,25%,20%,27%,24%,27%,28%,32%,29%,27%,28%,28%,19%,26%,29%,27%,28%,24%,25%,23%,30%,29%,25%,26%,26%,22%,27%,,,,,,,,,,,,,,,
,,,,,,,,,,,,,,,,25%,29%,25%,21%,27%,25%,27%,28%,32%,29%,26%,28%,28%,19%,26%,29%,27%,28%,25%,25%,24%,29%,29%,25%,26%,26%,23%,27%,,,,,,,,,,,,,,,
,,,,,,,,,,,,,,,,25%,29%,25%,21%,27%,24%,27%,28%,32%,29%,26%,28%,28%,19%,26%,30%,27%,28%,24%,25%,24%,29%,29%,24%,26%,26%,23%,27%,,,,,,,,,,,,,,,
,,,,,,,,,,,,,,,,25%,28%,25%,21%,27%,25%,27%,28%,32%,29%,26%,28%,28%,19%,25%,30%,27%,28%,24%,25%,24%,29%,28%,24%,26%,25%,22%,27%,,,,,,,,,,,,,,,
,,,,,,,,,,,,,,,,25%,28%,25%,21%,26%,25%,27%,28%,32%,29%,26%,28%,28%,19%,25%,30%,28%,28%,24%,25%,24%,29%,29%,25%,26%,26%,22%,27%,,,,,,,,,,,,,,,
,,,,,,,,,,,,,,,,25%,28%,25%,22%,26%,25%,27%,27%,32%,29%,26%,27%,27%,19%,25%,30%,27%,27%,24%,26%,23%,29%,29%,25%,26%,26%,22%,27%,,,,,,,,,,,,,,,
,,,,,,,,,,,,,,,,25%,28%,25%,22%,26%,24%,27%,28%,32%,28%,26%,28%,27%,19%,25%,30%,27%,27%,24%,26%,24%,29%,28%,24%,26%,26%,23%,27%,,,,,,,,,,,,,,,
,,,,,,,,,,,,,,,,25%,28%,25%,22%,26%,24%,27%,28%,32%,28%,25%,28%,27%,19%,25%,30%,28%,28%,24%,27%,24%,29%,28%,24%,26%,26%,23%,27%,,,,,,,,,,,,,,,
,,,,,,,,,,,,,,,,25%,28%,25%,22%,26%,24%,27%,28%,32%,28%,25%,28%,27%,19%,25%,30%,28%,28%,24%,26%,24%,29%,28%,24%,26%,26%,23%,26%,,,,,,,,,,,,,,,
,,,,,,,,,,,,,,,,25%,27%,25%,22%,26%,25%,27%,29%,31%,28%,25%,27%,27%,19%,25%,30%,27%,28%,24%,26%,23%,29%,28%,25%,26%,26%,23%,26%,,,,,,,,,,,,,,,
,,,,,,,,,,,,,,,,25%,27%,25%,22%,26%,24%,27%,28%,32%,28%,25%,27%,27%,19%,24%,30%,27%,28%,24%,26%,23%,29%,28%,25%,27%,27%,23%,27%,,,,,,,,,,,,,,,
,,,,,,,,,,,,,,,,25%,27%,25%,22%,26%,25%,27%,29%,32%,28%,25%,27%,27%,19%,24%,30%,27%,28%,24%,26%,23%,29%,28%,25%,27%,27%,23%,27%,,,,,,,,,,,,,,,
,,,,,,,,,,,,,,,,25%,27%,25%,22%,26%,25%,27%,29%,32%,28%,25%,27%,26%,19%,25%,30%,27%,28%,24%,26%,23%,29%,28%,25%,26%,26%,24%,27%,,,,,,,,,,,,,,,
,,,,,,,,,,,,,,,,25%,27%,25%,22%,26%,25%,27%,30%,32%,27%,25%,27%,27%,19%,25%,30%,27%,27%,24%,26%,23%,29%,27%,25%,26%,26%,24%,27%,,,,,,,,,,,,,,,
,,,,,,,,,,,,,,,,24%,27%,24%,22%,26%,24%,27%,29%,32%,28%,25%,28%,27%,19%,24%,31%,27%,27%,24%,27%,23%,29%,27%,25%,27%,26%,24%,27%,,,,,,,,,,,,,,,
,,,,,,,,,,,,,,,,,28%,25%,22%,25%,25%,27%,30%,33%,28%,25%,28%,27%,19%,24%,30%,27%,28%,24%,27%,23%,29%,28%,25%,27%,27%,24%,27%,,,,,,,,,,,,,,,
,,,,,,,,,,,,,,,,,27%,25%,21%,25%,25%,26%,30%,32%,28%,25%,27%,26%,19%,24%,31%,27%,27%,24%,26%,24%,29%,27%,25%,26%,26%,24%,26%,,,,,,,,,,,,,,,
,,,,,,,,,,,,,,,,,27%,25%,21%,25%,25%,26%,30%,33%,28%,25%,27%,26%,19%,24%,31%,27%,27%,23%,26%,23%,28%,27%,25%,26%,26%,23%,27%,,,,,,,,,,,,,,,
,,,,,,,,,,,,,,,,,27%,24%,22%,25%,25%,26%,29%,33%,28%,25%,27%,26%,19%,24%,30%,27%,27%,23%,26%,24%,28%,27%,24%,26%,26%,24%,27%,,,,,,,,,,,,,,,
,,,,,,,,,,,,,,,,,27%,24%,22%,25%,25%,26%,29%,32%,28%,25%,27%,26%,19%,24%,30%,27%,27%,24%,26%,24%,28%,27%,25%,26%,26%,24%,27%,,,,,,,,,,,,,,,
,,,,,,,,,,,,,,,,,27%,24%,22%,25%,25%,26%,29%,32%,28%,25%,27%,26%,19%,24%,30%,27%,27%,24%,26%,24%,28%,27%,25%,26%,26%,24%,,,,,,,,,,,,,,,,
,,,,,,,,,,,,,,,,,28%,24%,22%,25%,25%,26%,29%,32%,28%,25%,27%,26%,19%,24%,30%,27%,27%,24%,26%,24%,28%,27%,25%,26%,26%,24%,,,,,,,,,,,,,,,,
,,,,,,,,,,,,,,,,,28%,24%,22%,26%,26%,26%,29%,32%,28%,25%,27%,26%,19%,23%,30%,27%,27%,24%,26%,23%,28%,27%,25%,26%,26%,23%,,,,,,,,,,,,,,,,
,,,,,,,,,,,,,,,,,28%,24%,23%,25%,25%,26%,29%,32%,28%,25%,27%,26%,19%,23%,30%,27%,27%,24%,26%,23%,28%,26%,25%,25%,25%,23%,,,,,,,,,,,,,,,,
,,,,,,,,,,,,,,,,,28%,24%,23%,25%,25%,27%,28%,32%,27%,25%,27%,26%,19%,23%,30%,27%,27%,24%,26%,23%,28%,26%,25%,25%,25%,24%,,,,,,,,,,,,,,,,
,,,,,,,,,,,,,,,,,28%,24%,23%,26%,25%,27%,29%,32%,27%,25%,27%,26%,19%,23%,30%,27%,27%,24%,26%,23%,28%,26%,25%,25%,25%,24%,,,,,,,,,,,,,,,,
,,,,,,,,,,,,,,,,,29%,23%,23%,26%,25%,27%,29%,32%,27%,25%,27%,26%,19%,23%,30%,27%,27%,24%,26%,23%,28%,26%,25%,26%,26%,24%,,,,,,,,,,,,,,,,
,,,,,,,,,,,,,,,,,28%,23%,23%,26%,25%,27%,29%,32%,27%,25%,27%,26%,19%,23%,30%,27%,27%,24%,25%,23%,28%,26%,25%,25%,25%,24%,,,,,,,,,,,,,,,,
,,,,,,,,,,,,,,,,,29%,23%,23%,26%,25%,27%,29%,32%,27%,25%,27%,26%,19%,23%,29%,27%,27%,24%,25%,23%,28%,26%,25%,25%,25%,24%,,,,,,,,,,,,,,,,
,,,,,,,,,,,,,,,,,29%,23%,23%,26%,25%,27%,29%,32%,27%,25%,27%,26%,19%,23%,29%,27%,27%,24%,25%,23%,28%,26%,25%,26%,25%,24%,,,,,,,,,,,,,,,,
,,,,,,,,,,,,,,,,,29%,23%,23%,26%,25%,27%,30%,32%,28%,25%,27%,26%,19%,22%,29%,27%,27%,24%,26%,22%,28%,26%,25%,26%,25%,23%,,,,,,,,,,,,,,,,
,,,,,,,,,,,,,,,,,29%,23%,23%,25%,25%,27%,29%,31%,27%,25%,26%,25%,19%,22%,29%,27%,27%,24%,25%,22%,27%,26%,25%,26%,25%,23%,,,,,,,,,,,,,,,,
,,,,,,,,,,,,,,,,,29%,23%,23%,25%,25%,27%,30%,31%,28%,25%,26%,25%,19%,22%,29%,27%,27%,24%,25%,22%,27%,26%,25%,26%,25%,24%,,,,,,,,,,,,,,,,
,,,,,,,,,,,,,,,,,29%,23%,23%,25%,25%,27%,30%,32%,28%,25%,26%,25%,19%,22%,29%,27%,27%,24%,25%,22%,27%,26%,25%,26%,25%,24%,,,,,,,,,,,,,,,,
,,,,,,,,,,,,,,,,,28%,22%,23%,25%,25%,27%,30%,32%,28%,25%,26%,26%,19%,22%,29%,26%,28%,24%,25%,22%,27%,26%,25%,26%,24%,24%,,,,,,,,,,,,,,,,
,,,,,,,,,,,,,,,,,28%,22%,23%,25%,25%,27%,29%,31%,27%,25%,26%,26%,19%,22%,29%,26%,27%,23%,25%,22%,27%,26%,25%,25%,24%,24%,,,,,,,,,,,,,,,,
,,,,,,,,,,,,,,,,,28%,22%,23%,26%,25%,28%,29%,31%,27%,25%,26%,26%,19%,22%,29%,26%,27%,23%,25%,22%,27%,26%,25%,26%,24%,25%,,,,,,,,,,,,,,,,
,,,,,,,,,,,,,,,,,28%,22%,23%,26%,25%,28%,30%,32%,28%,25%,26%,27%,19%,22%,29%,26%,27%,24%,25%,22%,27%,27%,25%,26%,24%,25%,,,,,,,,,,,,,,,,
,,,,,,,,,,,,,,,,,28%,22%,23%,26%,25%,28%,29%,31%,28%,25%,26%,26%,19%,22%,28%,26%,27%,24%,25%,22%,27%,26%,25%,25%,24%,25%,,,,,,,,,,,,,,,,
,,,,,,,,,,,,,,,,,28%,22%,23%,26%,24%,28%,29%,31%,28%,25%,26%,26%,19%,22%,29%,26%,28%,23%,25%,22%,28%,26%,25%,25%,24%,24%,,,,,,,,,,,,,,,,
,,,,,,,,,,,,,,,,,28%,22%,23%,26%,24%,28%,29%,31%,28%,25%,26%,27%,19%,22%,29%,26%,28%,23%,25%,22%,28%,26%,25%,25%,24%,24%,,,,,,,,,,,,,,,,
,,,,,,,,,,,,,,,,,28%,22%,23%,26%,24%,29%,29%,31%,28%,25%,26%,27%,19%,22%,29%,26%,28%,23%,25%,22%,28%,26%,26%,25%,24%,24%,,,,,,,,,,,,,,,,
,,,,,,,,,,,,,,,,,28%,22%,23%,26%,25%,29%,29%,31%,28%,25%,25%,26%,19%,22%,28%,26%,28%,23%,25%,22%,28%,26%,26%,25%,24%,24%,,,,,,,,,,,,,,,,
,,,,,,,,,,,,,,,,,28%,22%,23%,26%,24%,29%,30%,31%,28%,25%,25%,26%,19%,22%,29%,26%,28%,23%,25%,22%,28%,27%,26%,25%,24%,24%,,,,,,,,,,,,,,,,
,,,,,,,,,,,,,,,,,28%,21%,23%,26%,25%,29%,30%,31%,28%,26%,26%,26%,19%,22%,29%,26%,28%,23%,25%,22%,28%,27%,26%,25%,24%,24%,,,,,,,,,,,,,,,,
,,,,,,,,,,,,,,,,,27%,22%,23%,26%,25%,28%,29%,31%,27%,26%,26%,27%,18%,22%,28%,26%,28%,23%,25%,22%,27%,27%,26%,25%,24%,24%,,,,,,,,,,,,,,,,
,,,,,,,,,,,,,,,,,27%,22%,23%,26%,25%,28%,29%,31%,28%,25%,25%,26%,18%,22%,28%,25%,28%,24%,25%,22%,27%,27%,25%,25%,24%,24%,,,,,,,,,,,,,,,,
,,,,,,,,,,,,,,,,,27%,22%,23%,26%,25%,28%,29%,31%,28%,25%,25%,26%,18%,22%,28%,25%,28%,23%,24%,22%,27%,27%,25%,25%,24%,23%,,,,,,,,,,,,,,,,
,,,,,,,,,,,,,,,,,27%,22%,23%,26%,25%,28%,29%,30%,28%,25%,25%,26%,18%,21%,28%,25%,28%,24%,24%,22%,28%,27%,25%,25%,24%,23%,,,,,,,,,,,,,,,,
,,,,,,,,,,,,,,,,,27%,22%,23%,26%,25%,28%,29%,30%,28%,25%,26%,26%,18%,21%,28%,25%,28%,24%,24%,22%,28%,27%,26%,26%,24%,23%,,,,,,,,,,,,,,,,
,,,,,,,,,,,,,,,,,27%,22%,23%,25%,25%,28%,29%,30%,28%,25%,26%,26%,18%,22%,29%,25%,28%,24%,24%,22%,28%,26%,25%,26%,24%,24%,,,,,,,,,,,,,,,,
,,,,,,,,,,,,,,,,,27%,22%,23%,26%,25%,29%,29%,30%,28%,26%,26%,27%,18%,22%,29%,25%,28%,24%,24%,22%,28%,26%,26%,26%,24%,24%,,,,,,,,,,,,,,,,
,,,,,,,,,,,,,,,,,27%,22%,23%,26%,25%,28%,29%,30%,28%,26%,26%,27%,18%,22%,28%,25%,28%,24%,24%,22%,28%,27%,26%,26%,24%,23%,,,,,,,,,,,,,,,,
,,,,,,,,,,,,,,,,,27%,22%,23%,26%,26%,28%,29%,30%,28%,26%,26%,27%,19%,22%,29%,25%,27%,24%,24%,22%,28%,26%,26%,26%,24%,24%,,,,,,,,,,,,,,,,
,,,,,,,,,,,,,,,,,27%,22%,23%,25%,26%,29%,29%,30%,29%,26%,25%,27%,19%,22%,29%,25%,27%,24%,24%,22%,29%,26%,25%,26%,25%,24%,,,,,,,,,,,,,,,,
,,,,,,,,,,,,,,,,,27%,22%,23%,25%,26%,29%,29%,30%,29%,26%,26%,27%,19%,22%,29%,24%,27%,24%,24%,22%,29%,26%,26%,26%,25%,24%,,,,,,,,,,,,,,,,
,,,,,,,,,,,,,,,,,27%,22%,23%,25%,26%,29%,29%,30%,28%,26%,26%,27%,18%,22%,29%,25%,27%,24%,24%,22%,29%,26%,26%,26%,25%,23%,,,,,,,,,,,,,,,,
,,,,,,,,,,,,,,,,,27%,22%,23%,26%,26%,29%,29%,30%,28%,26%,26%,26%,18%,22%,29%,25%,27%,24%,24%,22%,29%,26%,26%,26%,25%,23%,,,,,,,,,,,,,,,,
,,,,,,,,,,,,,,,,,27%,22%,23%,25%,26%,29%,29%,30%,28%,25%,27%,27%,19%,21%,29%,25%,27%,24%,24%,22%,29%,26%,25%,26%,25%,23%,,,,,,,,,,,,,,,,
,,,,,,,,,,,,,,,,,28%,22%,23%,25%,26%,28%,29%,30%,28%,25%,27%,27%,19%,21%,29%,24%,28%,24%,24%,22%,28%,26%,25%,27%,24%,23%,,,,,,,,,,,,,,,,
,,,,,,,,,,,,,,,,,27%,22%,23%,25%,26%,28%,29%,30%,28%,25%,27%,27%,19%,22%,29%,25%,27%,24%,23%,22%,29%,26%,25%,27%,24%,23%,,,,,,,,,,,,,,,,
,,,,,,,,,,,,,,,,,28%,22%,22%,25%,26%,28%,29%,30%,28%,25%,26%,26%,19%,22%,29%,25%,27%,24%,24%,22%,29%,26%,26%,26%,24%,24%,,,,,,,,,,,,,,,,
,,,,,,,,,,,,,,,,,28%,22%,22%,25%,26%,28%,29%,30%,28%,25%,26%,26%,19%,22%,29%,25%,28%,24%,24%,22%,29%,25%,25%,27%,24%,24%,,,,,,,,,,,,,,,,
,,,,,,,,,,,,,,,,,28%,22%,22%,25%,26%,28%,29%,31%,28%,25%,26%,26%,19%,22%,28%,24%,28%,24%,24%,22%,28%,25%,26%,27%,24%,24%,,,,,,,,,,,,,,,,
,,,,,,,,,,,,,,,,,28%,22%,23%,25%,26%,28%,29%,30%,28%,26%,26%,26%,19%,22%,28%,25%,27%,24%,24%,22%,29%,26%,26%,27%,24%,24%,,,,,,,,,,,,,,,,
,,,,,,,,,,,,,,,,,28%,23%,23%,25%,26%,28%,29%,30%,28%,26%,26%,26%,19%,22%,28%,25%,28%,24%,25%,23%,29%,26%,26%,27%,24%,24%,,,,,,,,,,,,,,,,
,,,,,,,,,,,,,,,,,28%,22%,23%,25%,26%,28%,29%,30%,28%,26%,26%,27%,19%,22%,28%,25%,28%,24%,25%,22%,28%,26%,26%,27%,24%,,,,,,,,,,,,,,,,,
,,,,,,,,,,,,,,,,,28%,23%,23%,25%,26%,28%,29%,30%,27%,26%,27%,27%,19%,22%,28%,25%,27%,24%,24%,22%,28%,26%,26%,27%,24%,,,,,,,,,,,,,,,,,
,,,,,,,,,,,,,,,,,28%,23%,23%,25%,26%,28%,29%,30%,27%,26%,27%,26%,19%,22%,28%,25%,28%,24%,24%,22%,29%,26%,26%,26%,24%,,,,,,,,,,,,,,,,,
,,,,,,,,,,,,,,,,,29%,23%,23%,25%,26%,28%,29%,30%,28%,26%,27%,26%,19%,22%,28%,25%,28%,24%,24%,22%,29%,26%,26%,26%,24%,,,,,,,,,,,,,,,,,
,,,,,,,,,,,,,,,,,28%,23%,22%,25%,26%,28%,29%,30%,28%,26%,28%,26%,19%,22%,28%,25%,28%,24%,24%,22%,29%,26%,25%,26%,24%,,,,,,,,,,,,,,,,,
,,,,,,,,,,,,,,,,,28%,23%,22%,25%,26%,28%,29%,30%,27%,26%,27%,26%,19%,22%,28%,24%,28%,24%,24%,22%,29%,26%,25%,26%,24%,,,,,,,,,,,,,,,,,
,,,,,,,,,,,,,,,,,28%,23%,22%,25%,26%,28%,29%,30%,27%,26%,27%,26%,19%,22%,28%,24%,28%,24%,24%,22%,29%,26%,26%,26%,24%,,,,,,,,,,,,,,,,,
,,,,,,,,,,,,,,,,,28%,23%,22%,25%,26%,28%,28%,30%,27%,26%,27%,26%,19%,22%,28%,25%,28%,24%,24%,22%,29%,26%,26%,26%,24%,,,,,,,,,,,,,,,,,
,,,,,,,,,,,,,,,,,28%,23%,22%,25%,26%,28%,29%,30%,27%,25%,28%,27%,19%,22%,28%,25%,29%,24%,24%,22%,29%,26%,25%,26%,24%,,,,,,,,,,,,,,,,,
,,,,,,,,,,,,,,,,,29%,24%,23%,25%,26%,28%,29%,29%,27%,25%,27%,27%,20%,22%,28%,25%,29%,24%,24%,22%,29%,26%,25%,26%,24%,,,,,,,,,,,,,,,,,
,,,,,,,,,,,,,,,,,29%,24%,23%,26%,26%,28%,29%,29%,27%,25%,27%,26%,19%,22%,28%,25%,29%,24%,24%,23%,29%,26%,25%,26%,24%,,,,,,,,,,,,,,,,,
,,,,,,,,,,,,,,,,,28%,24%,23%,26%,26%,28%,28%,29%,27%,25%,27%,27%,19%,22%,28%,25%,28%,23%,24%,23%,29%,26%,26%,26%,25%,,,,,,,,,,,,,,,,,
,,,,,,,,,,,,,,,,,29%,24%,23%,26%,26%,27%,28%,29%,27%,25%,27%,27%,19%,22%,27%,25%,28%,24%,24%,23%,30%,26%,26%,26%,25%,,,,,,,,,,,,,,,,,
,,,,,,,,,,,,,,,,,29%,24%,23%,26%,27%,27%,29%,29%,27%,26%,27%,27%,19%,22%,27%,24%,29%,24%,24%,22%,30%,26%,26%,26%,25%,,,,,,,,,,,,,,,,,
,,,,,,,,,,,,,,,,,29%,24%,23%,26%,26%,28%,28%,29%,27%,26%,27%,27%,19%,23%,27%,25%,29%,24%,24%,23%,30%,26%,26%,26%,25%,,,,,,,,,,,,,,,,,
,,,,,,,,,,,,,,,,,29%,24%,23%,26%,26%,28%,28%,29%,28%,26%,27%,27%,19%,23%,27%,25%,29%,23%,23%,23%,30%,26%,26%,26%,25%,,,,,,,,,,,,,,,,,
,,,,,,,,,,,,,,,,,29%,24%,23%,26%,26%,28%,28%,29%,27%,25%,27%,27%,19%,23%,27%,25%,29%,23%,23%,23%,29%,26%,27%,26%,25%,,,,,,,,,,,,,,,,,
,,,,,,,,,,,,,,,,,,24%,22%,26%,26%,28%,29%,29%,27%,25%,27%,27%,19%,22%,27%,25%,29%,24%,23%,23%,30%,26%,27%,26%,,,,,,,,,,,,,,,,,,
,,,,,,,,,,,,,,,,,,24%,22%,26%,26%,28%,28%,29%,28%,25%,26%,28%,19%,22%,27%,25%,28%,24%,23%,23%,30%,26%,26%,26%,,,,,,,,,,,,,,,,,,
,,,,,,,,,,,,,,,,,,24%,22%,25%,26%,28%,29%,29%,27%,25%,27%,27%,19%,23%,27%,25%,28%,24%,23%,23%,30%,25%,27%,25%,,,,,,,,,,,,,,,,,,
,,,,,,,,,,,,,,,,,,24%,23%,25%,26%,29%,29%,29%,27%,25%,27%,27%,19%,23%,27%,25%,29%,23%,23%,23%,30%,26%,27%,25%,,,,,,,,,,,,,,,,,,
,,,,,,,,,,,,,,,,,,24%,23%,25%,26%,28%,28%,28%,28%,25%,27%,27%,19%,23%,28%,25%,28%,23%,24%,23%,30%,26%,27%,25%,,,,,,,,,,,,,,,,,,
,,,,,,,,,,,,,,,,,,24%,22%,26%,26%,28%,28%,28%,28%,25%,27%,27%,19%,23%,28%,24%,28%,24%,24%,22%,30%,26%,27%,25%,,,,,,,,,,,,,,,,,,
,,,,,,,,,,,,,,,,,,24%,22%,26%,26%,28%,28%,28%,28%,25%,27%,27%,19%,23%,27%,24%,28%,24%,24%,23%,29%,25%,27%,25%,,,,,,,,,,,,,,,,,,
,,,,,,,,,,,,,,,,,,23%,22%,26%,26%,28%,28%,28%,28%,25%,27%,27%,20%,23%,27%,24%,28%,23%,24%,23%,30%,26%,27%,25%,,,,,,,,,,,,,,,,,,
,,,,,,,,,,,,,,,,,,23%,22%,26%,26%,28%,28%,28%,28%,26%,27%,27%,20%,23%,27%,24%,28%,23%,24%,23%,30%,26%,26%,25%,,,,,,,,,,,,,,,,,,
,,,,,,,,,,,,,,,,,,,22%,26%,26%,28%,28%,28%,28%,26%,27%,27%,20%,23%,27%,24%,28%,23%,24%,22%,29%,26%,26%,25%,,,,,,,,,,,,,,,,,,
,,,,,,,,,,,,,,,,,,,22%,25%,26%,28%,28%,28%,27%,26%,27%,27%,20%,23%,27%,24%,28%,23%,24%,22%,29%,26%,27%,25%,,,,,,,,,,,,,,,,,,
,,,,,,,,,,,,,,,,,,,22%,25%,26%,28%,28%,28%,27%,26%,27%,27%,20%,23%,27%,24%,28%,23%,24%,22%,30%,27%,27%,25%,,,,,,,,,,,,,,,,,,
,,,,,,,,,,,,,,,,,,,22%,25%,26%,28%,28%,28%,27%,26%,28%,27%,20%,23%,27%,24%,28%,23%,24%,22%,30%,26%,26%,25%,,,,,,,,,,,,,,,,,,
,,,,,,,,,,,,,,,,,,,22%,26%,26%,28%,27%,28%,27%,26%,27%,27%,20%,23%,27%,24%,27%,24%,24%,23%,29%,26%,26%,26%,,,,,,,,,,,,,,,,,,
,,,,,,,,,,,,,,,,,,,22%,26%,27%,28%,27%,28%,27%,26%,27%,27%,20%,23%,27%,24%,27%,24%,24%,22%,29%,26%,26%,25%,,,,,,,,,,,,,,,,,,
,,,,,,,,,,,,,,,,,,,22%,26%,27%,28%,27%,28%,28%,26%,27%,27%,20%,23%,27%,24%,27%,24%,24%,23%,29%,26%,26%,26%,,,,,,,,,,,,,,,,,,
,,,,,,,,,,,,,,,,,,,22%,26%,27%,28%,27%,28%,28%,26%,27%,27%,20%,23%,26%,24%,27%,24%,24%,23%,29%,26%,26%,26%,,,,,,,,,,,,,,,,,,
,,,,,,,,,,,,,,,,,,,22%,26%,27%,28%,27%,28%,28%,26%,27%,27%,20%,23%,26%,24%,27%,24%,24%,23%,29%,26%,27%,26%,,,,,,,,,,,,,,,,,,
,,,,,,,,,,,,,,,,,,,22%,25%,27%,28%,27%,28%,28%,26%,27%,27%,20%,22%,26%,24%,27%,24%,24%,23%,29%,26%,27%,26%,,,,,,,,,,,,,,,,,,
,,,,,,,,,,,,,,,,,,,22%,25%,27%,28%,28%,28%,28%,26%,27%,28%,20%,22%,26%,24%,27%,24%,24%,24%,29%,26%,27%,26%,,,,,,,,,,,,,,,,,,
,,,,,,,,,,,,,,,,,,,22%,25%,27%,28%,28%,28%,28%,26%,27%,28%,20%,22%,26%,24%,27%,25%,24%,23%,29%,26%,27%,26%,,,,,,,,,,,,,,,,,,
,,,,,,,,,,,,,,,,,,,21%,25%,27%,28%,28%,27%,27%,26%,27%,27%,20%,22%,27%,24%,27%,24%,24%,23%,29%,26%,27%,26%,,,,,,,,,,,,,,,,,,
,,,,,,,,,,,,,,,,,,,21%,25%,27%,28%,28%,28%,27%,26%,27%,28%,20%,23%,27%,24%,27%,25%,24%,23%,29%,26%,27%,26%,,,,,,,,,,,,,,,,,,
,,,,,,,,,,,,,,,,,,,21%,25%,27%,28%,28%,28%,27%,26%,27%,28%,20%,23%,26%,24%,27%,25%,24%,23%,29%,26%,27%,26%,,,,,,,,,,,,,,,,,,
,,,,,,,,,,,,,,,,,,,21%,25%,27%,28%,27%,27%,27%,26%,27%,27%,20%,23%,26%,24%,27%,25%,25%,23%,29%,26%,27%,26%,,,,,,,,,,,,,,,,,,
,,,,,,,,,,,,,,,,,,,22%,25%,27%,28%,28%,27%,27%,26%,27%,27%,20%,23%,26%,24%,27%,24%,24%,24%,29%,27%,27%,26%,,,,,,,,,,,,,,,,,,
,,,,,,,,,,,,,,,,,,,21%,25%,27%,28%,28%,27%,27%,26%,27%,27%,20%,23%,26%,24%,28%,24%,24%,24%,29%,27%,27%,25%,,,,,,,,,,,,,,,,,,
,,,,,,,,,,,,,,,,,,,21%,25%,27%,28%,28%,27%,27%,26%,27%,28%,20%,22%,26%,24%,28%,24%,24%,24%,29%,26%,27%,25%,,,,,,,,,,,,,,,,,,
,,,,,,,,,,,,,,,,,,,21%,25%,27%,28%,28%,27%,27%,26%,27%,27%,20%,23%,26%,23%,27%,24%,25%,23%,29%,27%,27%,26%,,,,,,,,,,,,,,,,,,
,,,,,,,,,,,,,,,,,,,21%,25%,27%,28%,28%,27%,27%,26%,27%,27%,20%,23%,26%,23%,27%,24%,24%,23%,28%,27%,27%,26%,,,,,,,,,,,,,,,,,,
,,,,,,,,,,,,,,,,,,,21%,25%,27%,28%,28%,27%,27%,26%,27%,27%,20%,23%,26%,24%,28%,24%,24%,24%,28%,27%,27%,26%,,,,,,,,,,,,,,,,,,
,,,,,,,,,,,,,,,,,,,21%,25%,27%,28%,28%,27%,27%,26%,27%,28%,20%,23%,26%,24%,28%,24%,24%,24%,28%,26%,27%,26%,,,,,,,,,,,,,,,,,,
,,,,,,,,,,,,,,,,,,,21%,25%,27%,28%,28%,27%,27%,26%,27%,27%,21%,23%,26%,23%,28%,24%,24%,23%,28%,26%,27%,26%,,,,,,,,,,,,,,,,,,
,,,,,,,,,,,,,,,,,,,21%,25%,27%,28%,28%,27%,27%,26%,27%,27%,21%,23%,26%,23%,28%,24%,24%,23%,28%,27%,27%,26%,,,,,,,,,,,,,,,,,,
,,,,,,,,,,,,,,,,,,,21%,25%,27%,28%,28%,27%,27%,26%,27%,27%,20%,23%,26%,23%,28%,25%,24%,24%,28%,27%,27%,25%,,,,,,,,,,,,,,,,,,
,,,,,,,,,,,,,,,,,,,21%,25%,27%,29%,27%,27%,27%,26%,27%,27%,20%,23%,26%,23%,28%,25%,24%,24%,28%,26%,26%,26%,,,,,,,,,,,,,,,,,,
,,,,,,,,,,,,,,,,,,,21%,26%,27%,28%,27%,27%,27%,26%,27%,27%,20%,23%,26%,23%,28%,25%,24%,24%,28%,26%,26%,26%,,,,,,,,,,,,,,,,,,
,,,,,,,,,,,,,,,,,,,21%,26%,27%,29%,27%,27%,27%,26%,27%,27%,20%,23%,26%,23%,28%,25%,24%,23%,28%,26%,26%,26%,,,,,,,,,,,,,,,,,,
,,,,,,,,,,,,,,,,,,,21%,25%,26%,29%,27%,27%,27%,26%,27%,27%,20%,23%,26%,23%,28%,25%,24%,23%,28%,26%,26%,25%,,,,,,,,,,,,,,,,,,
,,,,,,,,,,,,,,,,,,,21%,25%,27%,28%,27%,27%,27%,26%,27%,27%,20%,23%,26%,23%,28%,25%,24%,23%,28%,26%,26%,26%,,,,,,,,,,,,,,,,,,
,,,,,,,,,,,,,,,,,,,21%,26%,27%,28%,27%,27%,28%,26%,27%,27%,21%,23%,26%,23%,28%,25%,24%,23%,28%,26%,26%,26%,,,,,,,,,,,,,,,,,,
,,,,,,,,,,,,,,,,,,,21%,26%,27%,29%,27%,27%,28%,26%,27%,27%,21%,23%,26%,23%,28%,25%,24%,23%,28%,26%,26%,26%,,,,,,,,,,,,,,,,,,
,,,,,,,,,,,,,,,,,,,22%,25%,27%,29%,27%,27%,27%,25%,27%,27%,21%,23%,26%,23%,28%,25%,24%,23%,28%,26%,26%,26%,,,,,,,,,,,,,,,,,,
,,,,,,,,,,,,,,,,,,,22%,25%,27%,28%,27%,27%,28%,25%,27%,27%,21%,23%,26%,23%,28%,25%,25%,23%,28%,26%,26%,26%,,,,,,,,,,,,,,,,,,
,,,,,,,,,,,,,,,,,,,22%,25%,27%,28%,27%,27%,28%,25%,27%,27%,21%,23%,26%,23%,28%,25%,25%,24%,28%,26%,26%,26%,,,,,,,,,,,,,,,,,,
,,,,,,,,,,,,,,,,,,,22%,26%,27%,28%,27%,27%,28%,25%,27%,27%,21%,23%,26%,22%,28%,25%,24%,24%,28%,26%,27%,,,,,,,,,,,,,,,,,,,
,,,,,,,,,,,,,,,,,,,22%,25%,27%,28%,27%,26%,27%,25%,27%,26%,21%,23%,25%,22%,27%,25%,24%,24%,27%,26%,27%,,,,,,,,,,,,,,,,,,,
,,,,,,,,,,,,,,,,,,,22%,26%,27%,28%,27%,26%,27%,26%,27%,26%,21%,23%,25%,23%,27%,25%,24%,24%,27%,26%,27%,,,,,,,,,,,,,,,,,,,
,,,,,,,,,,,,,,,,,,,22%,26%,27%,28%,27%,26%,27%,26%,27%,27%,21%,24%,25%,23%,27%,25%,24%,24%,27%,26%,27%,,,,,,,,,,,,,,,,,,,
,,,,,,,,,,,,,,,,,,,21%,26%,27%,28%,27%,26%,27%,26%,27%,27%,21%,23%,25%,22%,27%,25%,24%,24%,27%,26%,27%,,,,,,,,,,,,,,,,,,,
,,,,,,,,,,,,,,,,,,,21%,26%,27%,28%,27%,26%,27%,25%,26%,26%,21%,23%,25%,22%,27%,25%,24%,24%,27%,26%,26%,,,,,,,,,,,,,,,,,,,
,,,,,,,,,,,,,,,,,,,21%,26%,27%,28%,27%,26%,27%,25%,26%,26%,21%,24%,25%,23%,27%,25%,24%,24%,27%,27%,26%,,,,,,,,,,,,,,,,,,,
,,,,,,,,,,,,,,,,,,,21%,26%,27%,28%,27%,26%,27%,25%,26%,26%,21%,24%,25%,23%,27%,25%,24%,24%,27%,27%,26%,,,,,,,,,,,,,,,,,,,
,,,,,,,,,,,,,,,,,,,21%,26%,27%,28%,27%,26%,27%,25%,26%,26%,21%,24%,25%,23%,27%,25%,25%,24%,27%,26%,26%,,,,,,,,,,,,,,,,,,,
,,,,,,,,,,,,,,,,,,,21%,27%,27%,28%,27%,26%,27%,25%,26%,26%,21%,24%,25%,22%,27%,25%,24%,24%,27%,26%,26%,,,,,,,,,,,,,,,,,,,
,,,,,,,,,,,,,,,,,,,21%,27%,27%,28%,27%,26%,27%,25%,27%,26%,21%,24%,25%,22%,27%,26%,24%,24%,27%,26%,26%,,,,,,,,,,,,,,,,,,,
,,,,,,,,,,,,,,,,,,,22%,27%,27%,28%,27%,26%,28%,25%,27%,26%,21%,24%,25%,22%,27%,26%,24%,25%,27%,27%,26%,,,,,,,,,,,,,,,,,,,
,,,,,,,,,,,,,,,,,,,22%,26%,27%,28%,27%,26%,27%,25%,26%,26%,21%,24%,25%,22%,27%,25%,24%,25%,27%,26%,26%,,,,,,,,,,,,,,,,,,,
,,,,,,,,,,,,,,,,,,,21%,27%,27%,28%,27%,27%,27%,25%,26%,26%,21%,24%,25%,22%,27%,25%,24%,25%,27%,27%,26%,,,,,,,,,,,,,,,,,,,
,,,,,,,,,,,,,,,,,,,21%,27%,27%,28%,27%,27%,28%,25%,26%,26%,21%,24%,25%,22%,28%,26%,24%,25%,27%,27%,26%,,,,,,,,,,,,,,,,,,,
,,,,,,,,,,,,,,,,,,,22%,27%,27%,28%,27%,27%,28%,25%,26%,26%,21%,24%,25%,22%,28%,26%,24%,25%,27%,27%,26%,,,,,,,,,,,,,,,,,,,
,,,,,,,,,,,,,,,,,,,22%,27%,27%,28%,27%,27%,28%,25%,26%,25%,21%,24%,25%,22%,28%,26%,24%,25%,27%,26%,26%,,,,,,,,,,,,,,,,,,,
,,,,,,,,,,,,,,,,,,,22%,27%,27%,28%,27%,27%,28%,25%,26%,26%,21%,24%,24%,22%,28%,26%,24%,25%,27%,26%,27%,,,,,,,,,,,,,,,,,,,
,,,,,,,,,,,,,,,,,,,22%,27%,27%,28%,27%,27%,28%,25%,26%,26%,21%,24%,25%,22%,28%,26%,24%,25%,27%,26%,27%,,,,,,,,,,,,,,,,,,,
,,,,,,,,,,,,,,,,,,,22%,27%,27%,28%,27%,27%,28%,25%,26%,26%,21%,24%,25%,22%,27%,26%,24%,25%,27%,26%,27%,,,,,,,,,,,,,,,,,,,
,,,,,,,,,,,,,,,,,,,22%,26%,27%,28%,27%,27%,28%,25%,26%,26%,21%,24%,25%,22%,27%,26%,25%,25%,27%,26%,26%,,,,,,,,,,,,,,,,,,,
,,,,,,,,,,,,,,,,,,,22%,26%,27%,28%,27%,27%,28%,25%,26%,26%,21%,24%,24%,22%,27%,26%,24%,25%,27%,26%,27%,,,,,,,,,,,,,,,,,,,
,,,,,,,,,,,,,,,,,,,22%,27%,27%,28%,27%,27%,28%,25%,26%,26%,21%,24%,24%,22%,27%,26%,25%,25%,27%,26%,27%,,,,,,,,,,,,,,,,,,,
,,,,,,,,,,,,,,,,,,,22%,26%,26%,28%,27%,27%,28%,25%,26%,26%,21%,24%,25%,22%,27%,26%,25%,25%,26%,26%,26%,,,,,,,,,,,,,,,,,,,
,,,,,,,,,,,,,,,,,,,22%,27%,26%,28%,27%,27%,28%,25%,26%,26%,21%,24%,25%,22%,27%,26%,25%,25%,26%,26%,26%,,,,,,,,,,,,,,,,,,,
,,,,,,,,,,,,,,,,,,,22%,27%,27%,28%,27%,27%,28%,25%,26%,26%,21%,24%,24%,22%,27%,26%,24%,25%,26%,26%,26%,,,,,,,,,,,,,,,,,,,
,,,,,,,,,,,,,,,,,,,22%,27%,27%,28%,27%,27%,28%,25%,26%,26%,21%,24%,24%,22%,27%,26%,24%,25%,26%,26%,27%,,,,,,,,,,,,,,,,,,,
,,,,,,,,,,,,,,,,,,,22%,27%,27%,28%,27%,27%,28%,25%,26%,26%,21%,24%,24%,22%,27%,26%,24%,25%,26%,26%,26%,,,,,,,,,,,,,,,,,,,
,,,,,,,,,,,,,,,,,,,23%,27%,27%,28%,27%,27%,28%,25%,25%,26%,21%,24%,24%,22%,27%,25%,24%,25%,26%,26%,27%,,,,,,,,,,,,,,,,,,,
,,,,,,,,,,,,,,,,,,,23%,27%,27%,28%,27%,27%,28%,25%,25%,26%,21%,24%,24%,22%,27%,25%,24%,25%,26%,26%,27%,,,,,,,,,,,,,,,,,,,
,,,,,,,,,,,,,,,,,,,23%,27%,27%,28%,27%,27%,28%,25%,25%,26%,21%,24%,24%,22%,27%,25%,24%,25%,26%,26%,27%,,,,,,,,,,,,,,,,,,,
,,,,,,,,,,,,,,,,,,,23%,27%,27%,28%,26%,27%,28%,25%,25%,26%,21%,24%,24%,22%,27%,26%,24%,25%,26%,26%,27%,,,,,,,,,,,,,,,,,,,
,,,,,,,,,,,,,,,,,,,23%,27%,27%,29%,26%,27%,28%,25%,25%,26%,21%,24%,24%,22%,27%,25%,24%,25%,26%,26%,27%,,,,,,,,,,,,,,,,,,,
,,,,,,,,,,,,,,,,,,,23%,27%,27%,28%,26%,27%,28%,24%,25%,26%,21%,24%,24%,22%,27%,25%,24%,25%,26%,26%,28%,,,,,,,,,,,,,,,,,,,
,,,,,,,,,,,,,,,,,,,23%,27%,27%,28%,26%,27%,28%,24%,25%,26%,21%,24%,24%,22%,27%,25%,24%,25%,26%,26%,27%,,,,,,,,,,,,,,,,,,,
,,,,,,,,,,,,,,,,,,,23%,27%,27%,28%,26%,26%,28%,24%,25%,26%,21%,24%,24%,22%,27%,26%,25%,25%,26%,26%,28%,,,,,,,,,,,,,,,,,,,
,,,,,,,,,,,,,,,,,,,23%,27%,27%,28%,26%,26%,28%,24%,25%,27%,21%,24%,25%,22%,27%,25%,25%,25%,26%,26%,28%,,,,,,,,,,,,,,,,,,,
,,,,,,,,,,,,,,,,,,,23%,27%,27%,28%,26%,26%,28%,24%,25%,27%,21%,24%,25%,22%,27%,25%,25%,25%,26%,26%,27%,,,,,,,,,,,,,,,,,,,
,,,,,,,,,,,,,,,,,,,23%,27%,27%,28%,26%,26%,28%,24%,25%,27%,21%,24%,25%,22%,27%,25%,25%,25%,26%,26%,27%,,,,,,,,,,,,,,,,,,,
,,,,,,,,,,,,,,,,,,,,27%,27%,28%,26%,26%,28%,24%,25%,27%,21%,24%,25%,22%,27%,25%,25%,25%,26%,26%,28%,,,,,,,,,,,,,,,,,,,
,,,,,,,,,,,,,,,,,,,,27%,27%,28%,27%,26%,28%,24%,25%,27%,21%,24%,25%,22%,27%,25%,25%,25%,25%,25%,28%,,,,,,,,,,,,,,,,,,,
,,,,,,,,,,,,,,,,,,,,27%,27%,28%,27%,26%,28%,24%,25%,27%,21%,24%,24%,22%,27%,25%,25%,25%,25%,25%,27%,,,,,,,,,,,,,,,,,,,
,,,,,,,,,,,,,,,,,,,,27%,27%,28%,26%,26%,28%,24%,25%,27%,21%,24%,25%,22%,27%,25%,25%,25%,25%,25%,27%,,,,,,,,,,,,,,,,,,,
,,,,,,,,,,,,,,,,,,,,27%,27%,28%,26%,26%,28%,24%,26%,27%,21%,24%,25%,22%,27%,25%,26%,25%,26%,26%,27%,,,,,,,,,,,,,,,,,,,
,,,,,,,,,,,,,,,,,,,,28%,27%,28%,26%,26%,28%,24%,25%,27%,21%,24%,25%,22%,27%,25%,25%,25%,25%,25%,27%,,,,,,,,,,,,,,,,,,,
,,,,,,,,,,,,,,,,,,,,27%,27%,28%,27%,26%,28%,24%,25%,27%,21%,24%,25%,22%,27%,25%,25%,25%,25%,25%,27%,,,,,,,,,,,,,,,,,,,
,,,,,,,,,,,,,,,,,,,,27%,27%,28%,26%,26%,28%,24%,26%,26%,21%,24%,25%,22%,26%,25%,26%,25%,26%,26%,27%,,,,,,,,,,,,,,,,,,,
,,,,,,,,,,,,,,,,,,,,28%,27%,28%,27%,26%,28%,24%,26%,27%,21%,24%,25%,22%,26%,25%,26%,25%,26%,26%,27%,,,,,,,,,,,,,,,,,,,
,,,,,,,,,,,,,,,,,,,,27%,27%,28%,27%,26%,28%,24%,26%,27%,21%,24%,25%,22%,26%,25%,25%,25%,25%,26%,27%,,,,,,,,,,,,,,,,,,,
,,,,,,,,,,,,,,,,,,,,27%,27%,28%,27%,26%,28%,24%,26%,27%,21%,24%,24%,22%,26%,25%,25%,25%,25%,26%,27%,,,,,,,,,,,,,,,,,,,
,,,,,,,,,,,,,,,,,,,,28%,27%,28%,27%,26%,28%,24%,26%,26%,22%,24%,24%,22%,26%,25%,25%,25%,25%,26%,27%,,,,,,,,,,,,,,,,,,,
,,,,,,,,,,,,,,,,,,,,28%,27%,28%,27%,26%,28%,24%,26%,26%,21%,24%,24%,22%,26%,25%,25%,25%,25%,26%,27%,,,,,,,,,,,,,,,,,,,
,,,,,,,,,,,,,,,,,,,,28%,27%,28%,27%,26%,28%,24%,26%,26%,21%,24%,25%,22%,26%,25%,25%,25%,25%,26%,27%,,,,,,,,,,,,,,,,,,,
,,,,,,,,,,,,,,,,,,,,28%,27%,28%,27%,26%,28%,24%,26%,26%,21%,24%,24%,22%,26%,25%,25%,24%,25%,26%,27%,,,,,,,,,,,,,,,,,,,
,,,,,,,,,,,,,,,,,,,,28%,27%,28%,27%,26%,28%,24%,26%,26%,21%,24%,24%,22%,26%,25%,25%,25%,26%,26%,27%,,,,,,,,,,,,,,,,,,,
,,,,,,,,,,,,,,,,,,,,28%,27%,28%,27%,26%,28%,24%,26%,26%,21%,23%,24%,22%,26%,25%,25%,25%,26%,26%,27%,,,,,,,,,,,,,,,,,,,
,,,,,,,,,,,,,,,,,,,,28%,27%,27%,27%,26%,28%,24%,26%,26%,21%,23%,24%,22%,26%,25%,25%,25%,26%,25%,,,,,,,,,,,,,,,,,,,,
,,,,,,,,,,,,,,,,,,,,28%,27%,27%,27%,26%,28%,24%,26%,26%,21%,23%,24%,22%,26%,25%,25%,25%,26%,25%,,,,,,,,,,,,,,,,,,,,
,,,,,,,,,,,,,,,,,,,,28%,27%,27%,27%,26%,28%,24%,26%,26%,21%,24%,24%,22%,26%,25%,25%,25%,26%,25%,,,,,,,,,,,,,,,,,,,,
,,,,,,,,,,,,,,,,,,,,27%,27%,27%,27%,26%,28%,24%,25%,26%,21%,24%,24%,22%,26%,25%,25%,25%,25%,25%,,,,,,,,,,,,,,,,,,,,
,,,,,,,,,,,,,,,,,,,,27%,27%,27%,27%,26%,29%,24%,25%,26%,21%,24%,24%,22%,26%,25%,25%,25%,25%,25%,,,,,,,,,,,,,,,,,,,,
,,,,,,,,,,,,,,,,,,,,28%,27%,27%,26%,26%,28%,24%,26%,26%,21%,24%,24%,22%,26%,25%,25%,25%,25%,25%,,,,,,,,,,,,,,,,,,,,
,,,,,,,,,,,,,,,,,,,,28%,27%,27%,26%,26%,28%,24%,26%,26%,21%,24%,24%,22%,26%,25%,25%,24%,26%,25%,,,,,,,,,,,,,,,,,,,,
,,,,,,,,,,,,,,,,,,,,27%,27%,27%,26%,26%,28%,24%,25%,27%,21%,24%,24%,22%,26%,25%,25%,24%,26%,25%,,,,,,,,,,,,,,,,,,,,
,,,,,,,,,,,,,,,,,,,,27%,27%,27%,26%,26%,28%,24%,26%,27%,21%,24%,24%,22%,26%,25%,25%,24%,26%,25%,,,,,,,,,,,,,,,,,,,,
,,,,,,,,,,,,,,,,,,,,27%,27%,27%,26%,26%,28%,24%,26%,26%,21%,24%,24%,22%,26%,25%,26%,24%,26%,25%,,,,,,,,,,,,,,,,,,,,
,,,,,,,,,,,,,,,,,,,,27%,27%,27%,26%,26%,28%,24%,26%,26%,21%,24%,24%,22%,26%,26%,26%,24%,26%,25%,,,,,,,,,,,,,,,,,,,,
,,,,,,,,,,,,,,,,,,,,27%,27%,27%,26%,26%,28%,24%,25%,27%,21%,24%,24%,22%,26%,25%,26%,24%,25%,25%,,,,,,,,,,,,,,,,,,,,
,,,,,,,,,,,,,,,,,,,,27%,27%,27%,26%,26%,28%,24%,25%,27%,21%,24%,24%,22%,26%,25%,26%,24%,25%,25%,,,,,,,,,,,,,,,,,,,,
,,,,,,,,,,,,,,,,,,,,27%,27%,27%,26%,26%,28%,24%,26%,26%,21%,24%,24%,22%,26%,25%,26%,24%,26%,25%,,,,,,,,,,,,,,,,,,,,
,,,,,,,,,,,,,,,,,,,,27%,27%,27%,26%,26%,28%,24%,26%,27%,21%,24%,24%,22%,26%,25%,26%,24%,26%,25%,,,,,,,,,,,,,,,,,,,,
,,,,,,,,,,,,,,,,,,,,27%,27%,27%,26%,26%,28%,24%,25%,27%,21%,24%,24%,22%,26%,25%,25%,24%,26%,25%,,,,,,,,,,,,,,,,,,,,
,,,,,,,,,,,,,,,,,,,,27%,27%,27%,26%,26%,28%,24%,25%,27%,20%,24%,24%,22%,27%,25%,25%,24%,26%,25%,,,,,,,,,,,,,,,,,,,,
,,,,,,,,,,,,,,,,,,,,27%,27%,27%,26%,26%,28%,24%,26%,26%,20%,24%,24%,22%,27%,25%,25%,24%,26%,25%,,,,,,,,,,,,,,,,,,,,
,,,,,,,,,,,,,,,,,,,,27%,27%,27%,26%,26%,28%,24%,26%,27%,21%,24%,24%,22%,27%,25%,25%,24%,26%,26%,,,,,,,,,,,,,,,,,,,,
,,,,,,,,,,,,,,,,,,,,27%,27%,27%,26%,26%,28%,24%,25%,27%,21%,24%,24%,22%,27%,25%,25%,24%,25%,25%,,,,,,,,,,,,,,,,,,,,
,,,,,,,,,,,,,,,,,,,,27%,27%,27%,26%,26%,28%,24%,26%,27%,21%,24%,24%,22%,26%,25%,25%,24%,26%,25%,,,,,,,,,,,,,,,,,,,,
,,,,,,,,,,,,,,,,,,,,27%,27%,27%,26%,26%,28%,24%,26%,27%,21%,24%,25%,22%,27%,25%,25%,24%,26%,25%,,,,,,,,,,,,,,,,,,,,
,,,,,,,,,,,,,,,,,,,,27%,27%,27%,26%,26%,28%,24%,26%,27%,21%,24%,25%,22%,27%,25%,25%,24%,26%,25%,,,,,,,,,,,,,,,,,,,,
,,,,,,,,,,,,,,,,,,,,27%,27%,27%,26%,26%,28%,24%,26%,27%,21%,24%,25%,22%,27%,25%,25%,24%,26%,25%,,,,,,,,,,,,,,,,,,,,
,,,,,,,,,,,,,,,,,,,,27%,27%,27%,26%,26%,28%,24%,26%,27%,21%,24%,25%,22%,27%,25%,25%,24%,26%,26%,,,,,,,,,,,,,,,,,,,,
,,,,,,,,,,,,,,,,,,,,27%,27%,27%,26%,26%,28%,24%,26%,27%,21%,24%,25%,22%,27%,25%,25%,24%,26%,26%,,,,,,,,,,,,,,,,,,,,
,,,,,,,,,,,,,,,,,,,,27%,27%,27%,26%,27%,28%,24%,26%,27%,21%,24%,25%,22%,27%,25%,25%,24%,26%,26%,,,,,,,,,,,,,,,,,,,,
,,,,,,,,,,,,,,,,,,,,27%,27%,27%,26%,27%,28%,24%,26%,27%,21%,24%,25%,22%,27%,25%,25%,24%,26%,25%,,,,,,,,,,,,,,,,,,,,
,,,,,,,,,,,,,,,,,,,,27%,27%,27%,26%,26%,28%,24%,26%,26%,21%,24%,25%,22%,27%,25%,25%,24%,26%,25%,,,,,,,,,,,,,,,,,,,,
,,,,,,,,,,,,,,,,,,,,27%,27%,27%,26%,27%,28%,24%,26%,27%,21%,24%,25%,22%,27%,25%,25%,24%,26%,25%,,,,,,,,,,,,,,,,,,,,
,,,,,,,,,,,,,,,,,,,,27%,27%,27%,26%,27%,28%,24%,26%,27%,21%,24%,25%,22%,27%,25%,25%,24%,26%,25%,,,,,,,,,,,,,,,,,,,,
,,,,,,,,,,,,,,,,,,,,27%,27%,28%,26%,27%,28%,24%,26%,27%,21%,24%,25%,22%,27%,25%,25%,24%,25%,25%,,,,,,,,,,,,,,,,,,,,
,,,,,,,,,,,,,,,,,,,,27%,27%,27%,26%,27%,28%,24%,26%,26%,21%,24%,25%,22%,27%,25%,25%,24%,26%,25%,,,,,,,,,,,,,,,,,,,,
,,,,,,,,,,,,,,,,,,,,27%,27%,27%,26%,27%,28%,24%,26%,26%,21%,23%,26%,22%,27%,25%,25%,24%,26%,25%,,,,,,,,,,,,,,,,,,,,
,,,,,,,,,,,,,,,,,,,,27%,27%,28%,26%,27%,28%,24%,26%,26%,21%,24%,26%,22%,27%,25%,25%,24%,26%,25%,,,,,,,,,,,,,,,,,,,,
,,,,,,,,,,,,,,,,,,,,27%,27%,28%,26%,26%,28%,24%,26%,26%,21%,24%,26%,22%,27%,25%,25%,24%,26%,25%,,,,,,,,,,,,,,,,,,,,
,,,,,,,,,,,,,,,,,,,,27%,27%,27%,26%,26%,27%,24%,26%,26%,21%,24%,26%,22%,27%,25%,25%,24%,26%,25%,,,,,,,,,,,,,,,,,,,,
,,,,,,,,,,,,,,,,,,,,27%,27%,28%,26%,27%,27%,24%,26%,26%,21%,24%,26%,22%,27%,25%,25%,24%,26%,25%,,,,,,,,,,,,,,,,,,,,
,,,,,,,,,,,,,,,,,,,,27%,27%,28%,26%,27%,27%,24%,26%,26%,21%,24%,26%,22%,27%,25%,24%,24%,26%,25%,,,,,,,,,,,,,,,,,,,,
,,,,,,,,,,,,,,,,,,,,27%,28%,28%,26%,26%,27%,24%,26%,26%,21%,24%,26%,22%,26%,25%,24%,24%,26%,25%,,,,,,,,,,,,,,,,,,,,
,,,,,,,,,,,,,,,,,,,,27%,27%,28%,26%,27%,27%,24%,26%,26%,21%,24%,26%,22%,26%,25%,24%,24%,26%,25%,,,,,,,,,,,,,,,,,,,,
,,,,,,,,,,,,,,,,,,,,27%,28%,28%,26%,27%,27%,24%,27%,26%,21%,24%,26%,22%,26%,25%,24%,24%,26%,25%,,,,,,,,,,,,,,,,,,,,
,,,,,,,,,,,,,,,,,,,,27%,28%,28%,26%,27%,27%,24%,27%,26%,21%,24%,26%,22%,26%,25%,24%,23%,26%,25%,,,,,,,,,,,,,,,,,,,,
,,,,,,,,,,,,,,,,,,,,27%,27%,28%,26%,26%,27%,24%,27%,26%,21%,24%,26%,22%,26%,25%,24%,23%,26%,25%,,,,,,,,,,,,,,,,,,,,
,,,,,,,,,,,,,,,,,,,,27%,27%,28%,26%,26%,27%,24%,27%,26%,21%,24%,26%,22%,26%,25%,24%,24%,26%,25%,,,,,,,,,,,,,,,,,,,,
,,,,,,,,,,,,,,,,,,,,27%,27%,28%,26%,26%,27%,24%,27%,26%,21%,24%,26%,22%,26%,25%,24%,24%,26%,25%,,,,,,,,,,,,,,,,,,,,
,,,,,,,,,,,,,,,,,,,,27%,27%,28%,27%,26%,27%,23%,27%,26%,21%,23%,26%,22%,26%,26%,24%,24%,26%,25%,,,,,,,,,,,,,,,,,,,,
,,,,,,,,,,,,,,,,,,,,26%,27%,28%,27%,26%,27%,24%,27%,26%,21%,23%,26%,23%,26%,26%,24%,24%,26%,25%,,,,,,,,,,,,,,,,,,,,
,,,,,,,,,,,,,,,,,,,,26%,27%,28%,27%,26%,27%,24%,27%,26%,21%,23%,26%,23%,26%,26%,24%,24%,26%,25%,,,,,,,,,,,,,,,,,,,,
,,,,,,,,,,,,,,,,,,,,26%,27%,28%,27%,27%,27%,24%,27%,26%,21%,23%,26%,23%,26%,26%,24%,24%,26%,25%,,,,,,,,,,,,,,,,,,,,
,,,,,,,,,,,,,,,,,,,,26%,27%,28%,26%,27%,27%,24%,27%,26%,21%,23%,26%,23%,26%,26%,24%,24%,26%,25%,,,,,,,,,,,,,,,,,,,,
,,,,,,,,,,,,,,,,,,,,26%,27%,28%,26%,27%,27%,24%,27%,26%,21%,23%,26%,23%,26%,26%,24%,24%,26%,25%,,,,,,,,,,,,,,,,,,,,
,,,,,,,,,,,,,,,,,,,,26%,27%,28%,26%,27%,28%,24%,27%,26%,21%,23%,26%,23%,26%,26%,24%,24%,26%,25%,,,,,,,,,,,,,,,,,,,,
,,,,,,,,,,,,,,,,,,,,27%,27%,28%,26%,27%,28%,24%,27%,26%,21%,23%,26%,23%,26%,26%,24%,24%,26%,25%,,,,,,,,,,,,,,,,,,,,
,,,,,,,,,,,,,,,,,,,,26%,27%,28%,26%,27%,27%,24%,27%,26%,21%,23%,26%,23%,26%,25%,24%,24%,26%,25%,,,,,,,,,,,,,,,,,,,,
,,,,,,,,,,,,,,,,,,,,26%,27%,28%,26%,27%,28%,24%,27%,26%,21%,23%,26%,22%,26%,25%,24%,24%,26%,25%,,,,,,,,,,,,,,,,,,,,
,,,,,,,,,,,,,,,,,,,,27%,27%,28%,26%,27%,28%,24%,27%,26%,21%,23%,26%,23%,26%,26%,24%,24%,26%,25%,,,,,,,,,,,,,,,,,,,,
,,,,,,,,,,,,,,,,,,,,27%,27%,28%,26%,27%,28%,24%,27%,26%,21%,23%,26%,23%,26%,26%,24%,24%,26%,25%,,,,,,,,,,,,,,,,,,,,
,,,,,,,,,,,,,,,,,,,,26%,27%,27%,26%,27%,27%,24%,27%,25%,21%,24%,26%,23%,26%,25%,24%,24%,26%,25%,,,,,,,,,,,,,,,,,,,,
,,,,,,,,,,,,,,,,,,,,27%,27%,27%,26%,27%,28%,24%,27%,25%,21%,24%,26%,22%,26%,25%,24%,24%,26%,25%,,,,,,,,,,,,,,,,,,,,
,,,,,,,,,,,,,,,,,,,,27%,27%,27%,26%,27%,28%,24%,27%,25%,21%,24%,26%,23%,26%,25%,24%,24%,26%,25%,,,,,,,,,,,,,,,,,,,,
,,,,,,,,,,,,,,,,,,,,27%,27%,27%,26%,27%,27%,24%,27%,25%,21%,24%,26%,23%,26%,26%,24%,24%,26%,25%,,,,,,,,,,,,,,,,,,,,
,,,,,,,,,,,,,,,,,,,,26%,27%,27%,26%,27%,27%,24%,27%,25%,21%,24%,26%,23%,26%,25%,24%,24%,26%,25%,,,,,,,,,,,,,,,,,,,,
,,,,,,,,,,,,,,,,,,,,26%,27%,27%,26%,27%,27%,24%,27%,25%,21%,23%,26%,23%,26%,26%,24%,24%,26%,25%,,,,,,,,,,,,,,,,,,,,
,,,,,,,,,,,,,,,,,,,,26%,27%,27%,26%,27%,27%,24%,27%,25%,21%,23%,26%,23%,26%,26%,24%,24%,27%,25%,,,,,,,,,,,,,,,,,,,,
,,,,,,,,,,,,,,,,,,,,,27%,27%,26%,27%,27%,24%,27%,25%,21%,23%,26%,23%,26%,26%,24%,24%,27%,25%,,,,,,,,,,,,,,,,,,,,
,,,,,,,,,,,,,,,,,,,,,27%,27%,26%,27%,28%,24%,27%,25%,21%,23%,26%,23%,25%,25%,24%,24%,27%,25%,,,,,,,,,,,,,,,,,,,,
,,,,,,,,,,,,,,,,,,,,,27%,27%,26%,27%,28%,24%,27%,26%,21%,23%,26%,23%,25%,25%,24%,24%,27%,25%,,,,,,,,,,,,,,,,,,,,
,,,,,,,,,,,,,,,,,,,,,27%,27%,26%,27%,28%,24%,27%,26%,21%,23%,26%,23%,25%,25%,24%,24%,27%,25%,,,,,,,,,,,,,,,,,,,,
,,,,,,,,,,,,,,,,,,,,,26%,27%,26%,27%,28%,24%,27%,26%,21%,24%,26%,23%,25%,26%,24%,24%,27%,25%,,,,,,,,,,,,,,,,,,,,
,,,,,,,,,,,,,,,,,,,,,26%,28%,26%,27%,28%,24%,27%,26%,21%,24%,26%,23%,25%,25%,24%,24%,27%,25%,,,,,,,,,,,,,,,,,,,,
,,,,,,,,,,,,,,,,,,,,,27%,28%,26%,27%,28%,24%,27%,26%,21%,24%,26%,23%,25%,25%,24%,24%,27%,25%,,,,,,,,,,,,,,,,,,,,
,,,,,,,,,,,,,,,,,,,,,27%,27%,26%,27%,28%,24%,27%,26%,21%,24%,26%,23%,25%,26%,24%,23%,27%,25%,,,,,,,,,,,,,,,,,,,,
,,,,,,,,,,,,,,,,,,,,,27%,27%,26%,27%,28%,24%,27%,26%,21%,24%,26%,22%,25%,26%,24%,23%,26%,25%,,,,,,,,,,,,,,,,,,,,
,,,,,,,,,,,,,,,,,,,,,27%,27%,26%,27%,28%,24%,27%,25%,21%,24%,26%,22%,25%,26%,24%,23%,26%,25%,,,,,,,,,,,,,,,,,,,,
,,,,,,,,,,,,,,,,,,,,,27%,27%,26%,27%,28%,24%,27%,25%,21%,24%,26%,23%,25%,26%,24%,23%,26%,25%,,,,,,,,,,,,,,,,,,,,
,,,,,,,,,,,,,,,,,,,,,27%,27%,26%,27%,28%,24%,27%,25%,21%,23%,26%,23%,25%,26%,24%,23%,26%,25%,,,,,,,,,,,,,,,,,,,,
,,,,,,,,,,,,,,,,,,,,,27%,27%,26%,26%,28%,24%,27%,25%,21%,23%,26%,22%,25%,26%,24%,23%,26%,25%,,,,,,,,,,,,,,,,,,,,
,,,,,,,,,,,,,,,,,,,,,27%,27%,26%,26%,28%,24%,27%,25%,21%,24%,26%,22%,25%,25%,24%,23%,26%,25%,,,,,,,,,,,,,,,,,,,,
,,,,,,,,,,,,,,,,,,,,,27%,28%,26%,26%,28%,24%,27%,25%,21%,24%,26%,23%,25%,25%,24%,24%,26%,25%,,,,,,,,,,,,,,,,,,,,
,,,,,,,,,,,,,,,,,,,,,27%,28%,26%,26%,27%,24%,27%,25%,21%,23%,26%,23%,25%,25%,24%,24%,26%,25%,,,,,,,,,,,,,,,,,,,,
,,,,,,,,,,,,,,,,,,,,,27%,28%,26%,26%,28%,24%,27%,25%,21%,23%,26%,23%,26%,25%,24%,24%,26%,25%,,,,,,,,,,,,,,,,,,,,
,,,,,,,,,,,,,,,,,,,,,27%,28%,26%,26%,28%,24%,27%,25%,21%,23%,25%,23%,25%,25%,24%,24%,26%,25%,,,,,,,,,,,,,,,,,,,,
,,,,,,,,,,,,,,,,,,,,,27%,28%,26%,26%,28%,24%,27%,25%,21%,23%,25%,23%,25%,25%,24%,24%,26%,25%,,,,,,,,,,,,,,,,,,,,
,,,,,,,,,,,,,,,,,,,,,27%,28%,26%,26%,28%,24%,27%,25%,21%,23%,25%,23%,26%,25%,24%,24%,26%,25%,,,,,,,,,,,,,,,,,,,,
,,,,,,,,,,,,,,,,,,,,,27%,28%,26%,26%,28%,24%,27%,25%,21%,23%,25%,23%,26%,25%,24%,23%,26%,26%,,,,,,,,,,,,,,,,,,,,
,,,,,,,,,,,,,,,,,,,,,,28%,26%,26%,28%,25%,27%,25%,22%,24%,25%,22%,25%,25%,24%,23%,26%,25%,,,,,,,,,,,,,,,,,,,,
,,,,,,,,,,,,,,,,,,,,,,28%,26%,26%,27%,25%,27%,25%,22%,24%,25%,22%,25%,25%,24%,23%,26%,25%,,,,,,,,,,,,,,,,,,,,
,,,,,,,,,,,,,,,,,,,,,,28%,26%,26%,27%,25%,27%,25%,22%,24%,25%,23%,25%,25%,24%,23%,26%,25%,,,,,,,,,,,,,,,,,,,,
,,,,,,,,,,,,,,,,,,,,,,28%,26%,26%,27%,25%,27%,25%,22%,24%,25%,23%,26%,25%,24%,23%,26%,25%,,,,,,,,,,,,,,,,,,,,
,,,,,,,,,,,,,,,,,,,,,,28%,26%,26%,27%,25%,27%,25%,22%,24%,25%,22%,26%,25%,24%,23%,26%,25%,,,,,,,,,,,,,,,,,,,,
,,,,,,,,,,,,,,,,,,,,,,28%,26%,26%,27%,24%,27%,25%,22%,24%,25%,22%,26%,25%,24%,23%,26%,25%,,,,,,,,,,,,,,,,,,,,
,,,,,,,,,,,,,,,,,,,,,,28%,26%,26%,27%,25%,27%,25%,21%,24%,25%,22%,26%,25%,24%,23%,26%,25%,,,,,,,,,,,,,,,,,,,,
,,,,,,,,,,,,,,,,,,,,,,28%,27%,26%,27%,25%,27%,25%,21%,24%,25%,23%,26%,25%,24%,23%,26%,25%,,,,,,,,,,,,,,,,,,,,
,,,,,,,,,,,,,,,,,,,,,,28%,27%,26%,27%,25%,27%,25%,21%,24%,25%,23%,26%,25%,24%,23%,27%,25%,,,,,,,,,,,,,,,,,,,,
,,,,,,,,,,,,,,,,,,,,,,28%,27%,26%,27%,24%,27%,25%,21%,24%,25%,23%,26%,25%,24%,23%,27%,,,,,,,,,,,,,,,,,,,,,
,,,,,,,,,,,,,,,,,,,,,,28%,26%,26%,27%,25%,27%,25%,22%,24%,25%,23%,26%,25%,24%,23%,27%,,,,,,,,,,,,,,,,,,,,,
,,,,,,,,,,,,,,,,,,,,,,28%,26%,26%,27%,25%,27%,25%,21%,24%,25%,23%,26%,25%,24%,23%,27%,,,,,,,,,,,,,,,,,,,,,
,,,,,,,,,,,,,,,,,,,,,,28%,26%,26%,27%,25%,27%,25%,22%,24%,25%,23%,26%,25%,24%,23%,27%,,,,,,,,,,,,,,,,,,,,,
,,,,,,,,,,,,,,,,,,,,,,28%,26%,26%,27%,24%,27%,25%,22%,24%,26%,23%,26%,25%,24%,23%,27%,,,,,,,,,,,,,,,,,,,,,
,,,,,,,,,,,,,,,,,,,,,,28%,26%,26%,27%,24%,27%,25%,22%,24%,26%,23%,26%,25%,24%,23%,27%,,,,,,,,,,,,,,,,,,,,,
,,,,,,,,,,,,,,,,,,,,,,28%,27%,25%,27%,24%,27%,25%,22%,24%,26%,23%,26%,25%,24%,23%,27%,,,,,,,,,,,,,,,,,,,,,
,,,,,,,,,,,,,,,,,,,,,,28%,27%,25%,27%,24%,27%,25%,21%,24%,26%,23%,26%,25%,24%,23%,27%,,,,,,,,,,,,,,,,,,,,,
,,,,,,,,,,,,,,,,,,,,,,28%,27%,25%,27%,24%,27%,25%,21%,24%,26%,23%,26%,25%,24%,23%,27%,,,,,,,,,,,,,,,,,,,,,
,,,,,,,,,,,,,,,,,,,,,,28%,27%,25%,27%,24%,27%,25%,21%,24%,26%,23%,26%,25%,24%,23%,27%,,,,,,,,,,,,,,,,,,,,,
,,,,,,,,,,,,,,,,,,,,,,28%,27%,25%,27%,24%,27%,25%,21%,25%,26%,23%,25%,25%,24%,23%,27%,,,,,,,,,,,,,,,,,,,,,
,,,,,,,,,,,,,,,,,,,,,,28%,27%,25%,27%,24%,27%,25%,21%,25%,26%,23%,26%,25%,24%,23%,27%,,,,,,,,,,,,,,,,,,,,,
,,,,,,,,,,,,,,,,,,,,,,28%,27%,25%,27%,25%,27%,25%,22%,25%,26%,23%,26%,25%,24%,23%,27%,,,,,,,,,,,,,,,,,,,,,
,,,,,,,,,,,,,,,,,,,,,,28%,27%,25%,27%,25%,27%,25%,22%,24%,26%,23%,26%,25%,24%,23%,27%,,,,,,,,,,,,,,,,,,,,,
,,,,,,,,,,,,,,,,,,,,,,28%,27%,25%,27%,25%,27%,25%,22%,24%,26%,23%,26%,25%,24%,23%,27%,,,,,,,,,,,,,,,,,,,,,
,,,,,,,,,,,,,,,,,,,,,,28%,27%,25%,27%,25%,27%,25%,22%,24%,26%,23%,26%,25%,24%,23%,27%,,,,,,,,,,,,,,,,,,,,,
,,,,,,,,,,,,,,,,,,,,,,28%,27%,25%,27%,25%,27%,25%,21%,24%,26%,23%,26%,25%,24%,23%,27%,,,,,,,,,,,,,,,,,,,,,
,,,,,,,,,,,,,,,,,,,,,,28%,27%,25%,27%,25%,27%,25%,21%,24%,26%,23%,26%,25%,24%,23%,27%,,,,,,,,,,,,,,,,,,,,,
,,,,,,,,,,,,,,,,,,,,,,28%,27%,25%,27%,25%,27%,25%,22%,24%,26%,23%,26%,25%,24%,23%,27%,,,,,,,,,,,,,,,,,,,,,
,,,,,,,,,,,,,,,,,,,,,,28%,27%,25%,27%,25%,27%,25%,22%,24%,26%,23%,26%,25%,24%,23%,27%,,,,,,,,,,,,,,,,,,,,,
,,,,,,,,,,,,,,,,,,,,,,28%,27%,25%,27%,25%,27%,25%,22%,24%,26%,23%,26%,25%,24%,23%,26%,,,,,,,,,,,,,,,,,,,,,
,,,,,,,,,,,,,,,,,,,,,,28%,27%,25%,27%,25%,27%,25%,21%,24%,26%,23%,26%,25%,24%,23%,26%,,,,,,,,,,,,,,,,,,,,,
,,,,,,,,,,,,,,,,,,,,,,28%,27%,25%,27%,25%,27%,25%,22%,24%,26%,23%,26%,25%,24%,23%,26%,,,,,,,,,,,,,,,,,,,,,
,,,,,,,,,,,,,,,,,,,,,,28%,27%,25%,27%,25%,27%,25%,22%,24%,26%,23%,26%,25%,24%,24%,26%,,,,,,,,,,,,,,,,,,,,,
,,,,,,,,,,,,,,,,,,,,,,28%,27%,25%,27%,25%,27%,25%,22%,25%,26%,23%,26%,25%,24%,24%,26%,,,,,,,,,,,,,,,,,,,,,
,,,,,,,,,,,,,,,,,,,,,,28%,27%,25%,27%,25%,27%,25%,21%,24%,26%,23%,26%,25%,24%,24%,26%,,,,,,,,,,,,,,,,,,,,,
,,,,,,,,,,,,,,,,,,,,,,28%,27%,25%,27%,25%,27%,25%,21%,24%,26%,23%,26%,25%,24%,24%,26%,,,,,,,,,,,,,,,,,,,,,
,,,,,,,,,,,,,,,,,,,,,,28%,27%,25%,27%,25%,27%,25%,21%,24%,26%,23%,26%,25%,24%,24%,26%,,,,,,,,,,,,,,,,,,,,,
,,,,,,,,,,,,,,,,,,,,,,28%,27%,25%,27%,25%,27%,25%,22%,24%,26%,23%,26%,25%,24%,23%,26%,,,,,,,,,,,,,,,,,,,,,
,,,,,,,,,,,,,,,,,,,,,,28%,27%,25%,27%,25%,27%,25%,22%,24%,26%,23%,26%,25%,24%,23%,26%,,,,,,,,,,,,,,,,,,,,,
,,,,,,,,,,,,,,,,,,,,,,28%,27%,25%,27%,25%,27%,25%,21%,24%,26%,23%,26%,25%,24%,23%,26%,,,,,,,,,,,,,,,,,,,,,
,,,,,,,,,,,,,,,,,,,,,,28%,27%,25%,27%,25%,27%,25%,22%,24%,26%,23%,26%,25%,24%,23%,26%,,,,,,,,,,,,,,,,,,,,,
,,,,,,,,,,,,,,,,,,,,,,28%,27%,25%,27%,25%,27%,25%,22%,24%,26%,23%,26%,25%,24%,23%,26%,,,,,,,,,,,,,,,,,,,,,
,,,,,,,,,,,,,,,,,,,,,,28%,27%,25%,27%,25%,27%,25%,22%,24%,26%,23%,26%,25%,24%,23%,26%,,,,,,,,,,,,,,,,,,,,,
,,,,,,,,,,,,,,,,,,,,,,28%,27%,25%,27%,25%,27%,25%,22%,24%,26%,23%,26%,25%,24%,23%,26%,,,,,,,,,,,,,,,,,,,,,
,,,,,,,,,,,,,,,,,,,,,,28%,27%,25%,27%,25%,26%,25%,22%,24%,26%,23%,26%,25%,24%,23%,26%,,,,,,,,,,,,,,,,,,,,,
,,,,,,,,,,,,,,,,,,,,,,28%,27%,25%,27%,25%,26%,25%,22%,24%,26%,23%,26%,25%,24%,23%,26%,,,,,,,,,,,,,,,,,,,,,
,,,,,,,,,,,,,,,,,,,,,,28%,27%,25%,27%,25%,27%,25%,22%,24%,27%,23%,26%,25%,24%,23%,26%,,,,,,,,,,,,,,,,,,,,,
,,,,,,,,,,,,,,,,,,,,,,28%,28%,25%,27%,25%,27%,25%,22%,24%,27%,23%,26%,25%,24%,23%,26%,,,,,,,,,,,,,,,,,,,,,
,,,,,,,,,,,,,,,,,,,,,,28%,27%,25%,27%,25%,27%,25%,23%,24%,27%,23%,26%,25%,24%,23%,26%,,,,,,,,,,,,,,,,,,,,,
,,,,,,,,,,,,,,,,,,,,,,28%,27%,25%,27%,25%,27%,25%,23%,24%,27%,23%,26%,25%,24%,23%,26%,,,,,,,,,,,,,,,,,,,,,
,,,,,,,,,,,,,,,,,,,,,,28%,27%,25%,28%,25%,27%,25%,23%,24%,27%,23%,26%,26%,24%,23%,26%,,,,,,,,,,,,,,,,,,,,,
,,,,,,,,,,,,,,,,,,,,,,28%,28%,25%,28%,25%,27%,25%,23%,24%,27%,23%,26%,25%,24%,23%,26%,,,,,,,,,,,,,,,,,,,,,
,,,,,,,,,,,,,,,,,,,,,,28%,27%,25%,27%,25%,27%,25%,23%,24%,27%,23%,26%,25%,24%,23%,26%,,,,,,,,,,,,,,,,,,,,,
,,,,,,,,,,,,,,,,,,,,,,28%,27%,25%,28%,25%,27%,25%,23%,24%,27%,23%,26%,25%,24%,23%,26%,,,,,,,,,,,,,,,,,,,,,
,,,,,,,,,,,,,,,,,,,,,,28%,27%,25%,28%,25%,27%,24%,23%,24%,27%,23%,26%,25%,24%,23%,,,,,,,,,,,,,,,,,,,,,,
,,,,,,,,,,,,,,,,,,,,,,28%,27%,25%,27%,25%,27%,24%,23%,24%,27%,23%,26%,25%,24%,23%,,,,,,,,,,,,,,,,,,,,,,
,,,,,,,,,,,,,,,,,,,,,,28%,27%,25%,27%,25%,27%,24%,23%,24%,27%,23%,26%,25%,24%,23%,,,,,,,,,,,,,,,,,,,,,,
,,,,,,,,,,,,,,,,,,,,,,28%,27%,25%,27%,25%,27%,24%,23%,24%,27%,23%,26%,25%,24%,23%,,,,,,,,,,,,,,,,,,,,,,
,,,,,,,,,,,,,,,,,,,,,,28%,27%,25%,27%,25%,27%,24%,23%,24%,27%,23%,26%,25%,24%,23%,,,,,,,,,,,,,,,,,,,,,,
,,,,,,,,,,,,,,,,,,,,,,27%,27%,25%,27%,25%,26%,24%,23%,24%,27%,23%,26%,25%,24%,23%,,,,,,,,,,,,,,,,,,,,,,
,,,,,,,,,,,,,,,,,,,,,,28%,27%,25%,27%,25%,26%,24%,23%,24%,27%,23%,26%,25%,24%,23%,,,,,,,,,,,,,,,,,,,,,,
,,,,,,,,,,,,,,,,,,,,,,28%,27%,25%,27%,25%,26%,24%,23%,24%,27%,23%,26%,25%,24%,23%,,,,,,,,,,,,,,,,,,,,,,
,,,,,,,,,,,,,,,,,,,,,,28%,28%,25%,27%,25%,26%,24%,23%,24%,27%,23%,26%,25%,24%,23%,,,,,,,,,,,,,,,,,,,,,,
,,,,,,,,,,,,,,,,,,,,,,28%,28%,25%,27%,25%,26%,24%,23%,24%,27%,23%,26%,25%,24%,23%,,,,,,,,,,,,,,,,,,,,,,
,,,,,,,,,,,,,,,,,,,,,,28%,28%,25%,27%,25%,26%,24%,23%,24%,27%,23%,26%,25%,24%,23%,,,,,,,,,,,,,,,,,,,,,,
,,,,,,,,,,,,,,,,,,,,,,28%,28%,25%,27%,25%,26%,24%,23%,24%,27%,23%,26%,25%,24%,23%,,,,,,,,,,,,,,,,,,,,,,
,,,,,,,,,,,,,,,,,,,,,,28%,28%,25%,27%,25%,26%,24%,23%,24%,26%,23%,26%,25%,24%,23%,,,,,,,,,,,,,,,,,,,,,,
,,,,,,,,,,,,,,,,,,,,,,28%,28%,24%,27%,25%,26%,24%,23%,24%,26%,23%,26%,25%,24%,23%,,,,,,,,,,,,,,,,,,,,,,
,,,,,,,,,,,,,,,,,,,,,,28%,28%,25%,27%,25%,26%,24%,23%,24%,26%,23%,26%,25%,24%,23%,,,,,,,,,,,,,,,,,,,,,,
,,,,,,,,,,,,,,,,,,,,,,28%,28%,25%,27%,25%,26%,24%,23%,24%,26%,23%,26%,25%,24%,23%,,,,,,,,,,,,,,,,,,,,,,
,,,,,,,,,,,,,,,,,,,,,,28%,28%,25%,27%,25%,26%,24%,23%,24%,26%,23%,26%,25%,24%,23%,,,,,,,,,,,,,,,,,,,,,,
,,,,,,,,,,,,,,,,,,,,,,28%,28%,25%,27%,25%,26%,24%,23%,24%,26%,23%,26%,25%,24%,23%,,,,,,,,,,,,,,,,,,,,,,
,,,,,,,,,,,,,,,,,,,,,,28%,28%,25%,27%,25%,26%,24%,23%,24%,26%,23%,26%,25%,24%,23%,,,,,,,,,,,,,,,,,,,,,,
,,,,,,,,,,,,,,,,,,,,,,28%,28%,25%,27%,25%,26%,24%,23%,24%,27%,23%,27%,25%,24%,23%,,,,,,,,,,,,,,,,,,,,,,
,,,,,,,,,,,,,,,,,,,,,,28%,28%,25%,27%,25%,26%,24%,23%,24%,26%,23%,26%,25%,24%,23%,,,,,,,,,,,,,,,,,,,,,,
,,,,,,,,,,,,,,,,,,,,,,28%,28%,25%,27%,25%,26%,24%,23%,24%,26%,23%,26%,25%,24%,23%,,,,,,,,,,,,,,,,,,,,,,
,,,,,,,,,,,,,,,,,,,,,,28%,28%,25%,27%,25%,26%,24%,23%,24%,27%,23%,27%,25%,24%,23%,,,,,,,,,,,,,,,,,,,,,,
,,,,,,,,,,,,,,,,,,,,,,28%,28%,25%,27%,25%,26%,24%,23%,24%,27%,23%,27%,25%,25%,23%,,,,,,,,,,,,,,,,,,,,,,
,,,,,,,,,,,,,,,,,,,,,,28%,28%,25%,27%,25%,26%,24%,23%,24%,26%,23%,26%,25%,25%,23%,,,,,,,,,,,,,,,,,,,,,,
,,,,,,,,,,,,,,,,,,,,,,28%,28%,25%,27%,25%,26%,24%,23%,24%,26%,23%,27%,25%,25%,23%,,,,,,,,,,,,,,,,,,,,,,
,,,,,,,,,,,,,,,,,,,,,,28%,28%,25%,27%,25%,26%,24%,23%,24%,26%,23%,27%,25%,25%,22%,,,,,,,,,,,,,,,,,,,,,,
,,,,,,,,,,,,,,,,,,,,,,28%,28%,25%,27%,25%,26%,24%,23%,25%,26%,23%,27%,25%,25%,22%,,,,,,,,,,,,,,,,,,,,,,
,,,,,,,,,,,,,,,,,,,,,,28%,28%,25%,27%,25%,25%,24%,23%,25%,26%,23%,27%,25%,25%,22%,,,,,,,,,,,,,,,,,,,,,,
,,,,,,,,,,,,,,,,,,,,,,28%,28%,25%,27%,25%,25%,24%,23%,25%,27%,23%,27%,25%,25%,23%,,,,,,,,,,,,,,,,,,,,,,
,,,,,,,,,,,,,,,,,,,,,,28%,28%,25%,27%,25%,25%,24%,23%,25%,27%,23%,27%,25%,25%,23%,,,,,,,,,,,,,,,,,,,,,,
,,,,,,,,,,,,,,,,,,,,,,28%,28%,25%,27%,25%,25%,24%,23%,25%,27%,23%,27%,25%,25%,23%,,,,,,,,,,,,,,,,,,,,,,
,,,,,,,,,,,,,,,,,,,,,,28%,28%,25%,28%,25%,25%,24%,23%,25%,27%,23%,27%,25%,25%,23%,,,,,,,,,,,,,,,,,,,,,,
,,,,,,,,,,,,,,,,,,,,,,28%,28%,25%,28%,25%,25%,24%,23%,25%,27%,23%,27%,25%,25%,23%,,,,,,,,,,,,,,,,,,,,,,
,,,,,,,,,,,,,,,,,,,,,,28%,28%,25%,28%,25%,25%,24%,23%,25%,27%,23%,27%,25%,25%,23%,,,,,,,,,,,,,,,,,,,,,,
,,,,,,,,,,,,,,,,,,,,,,28%,28%,25%,28%,25%,25%,24%,23%,25%,26%,23%,27%,25%,25%,23%,,,,,,,,,,,,,,,,,,,,,,
,,,,,,,,,,,,,,,,,,,,,,28%,28%,25%,28%,25%,25%,24%,23%,25%,27%,23%,27%,25%,25%,23%,,,,,,,,,,,,,,,,,,,,,,
,,,,,,,,,,,,,,,,,,,,,,28%,28%,25%,28%,25%,25%,24%,23%,25%,27%,23%,27%,25%,25%,23%,,,,,,,,,,,,,,,,,,,,,,
,,,,,,,,,,,,,,,,,,,,,,28%,,25%,28%,25%,25%,24%,23%,25%,27%,23%,27%,25%,25%,23%,,,,,,,,,,,,,,,,,,,,,,
,,,,,,,,,,,,,,,,,,,,,,28%,,25%,28%,25%,25%,24%,23%,25%,26%,23%,27%,25%,25%,23%,,,,,,,,,,,,,,,,,,,,,,
,,,,,,,,,,,,,,,,,,,,,,28%,,25%,28%,25%,25%,24%,23%,25%,26%,23%,27%,25%,25%,23%,,,,,,,,,,,,,,,,,,,,,,
,,,,,,,,,,,,,,,,,,,,,,28%,,26%,28%,25%,26%,24%,23%,24%,26%,23%,27%,25%,25%,23%,,,,,,,,,,,,,,,,,,,,,,
,,,,,,,,,,,,,,,,,,,,,,28%,,26%,28%,25%,26%,24%,23%,24%,27%,23%,27%,25%,25%,23%,,,,,,,,,,,,,,,,,,,,,,
,,,,,,,,,,,,,,,,,,,,,,28%,,26%,28%,25%,26%,24%,23%,25%,26%,23%,27%,25%,25%,23%,,,,,,,,,,,,,,,,,,,,,,
,,,,,,,,,,,,,,,,,,,,,,28%,,26%,28%,25%,26%,24%,23%,25%,26%,23%,27%,25%,25%,23%,,,,,,,,,,,,,,,,,,,,,,
,,,,,,,,,,,,,,,,,,,,,,28%,,26%,28%,25%,26%,24%,23%,24%,27%,23%,27%,25%,25%,23%,,,,,,,,,,,,,,,,,,,,,,
,,,,,,,,,,,,,,,,,,,,,,28%,,26%,28%,25%,26%,24%,23%,24%,27%,23%,27%,25%,25%,23%,,,,,,,,,,,,,,,,,,,,,,
,,,,,,,,,,,,,,,,,,,,,,28%,,26%,28%,25%,26%,24%,23%,25%,27%,23%,27%,25%,25%,23%,,,,,,,,,,,,,,,,,,,,,,
,,,,,,,,,,,,,,,,,,,,,,28%,,25%,28%,25%,26%,24%,23%,25%,27%,23%,27%,25%,25%,24%,,,,,,,,,,,,,,,,,,,,,,
,,,,,,,,,,,,,,,,,,,,,,,,25%,28%,25%,26%,24%,23%,24%,27%,23%,27%,25%,25%,24%,,,,,,,,,,,,,,,,,,,,,,
,,,,,,,,,,,,,,,,,,,,,,,,25%,28%,25%,26%,24%,23%,24%,27%,23%,27%,25%,25%,24%,,,,,,,,,,,,,,,,,,,,,,
,,,,,,,,,,,,,,,,,,,,,,,,25%,28%,25%,26%,24%,23%,24%,27%,23%,27%,25%,25%,24%,,,,,,,,,,,,,,,,,,,,,,
,,,,,,,,,,,,,,,,,,,,,,,,25%,28%,25%,26%,24%,23%,24%,27%,23%,27%,25%,25%,24%,,,,,,,,,,,,,,,,,,,,,,
,,,,,,,,,,,,,,,,,,,,,,,,25%,29%,25%,26%,24%,23%,24%,27%,23%,27%,25%,25%,24%,,,,,,,,,,,,,,,,,,,,,,
,,,,,,,,,,,,,,,,,,,,,,,,25%,29%,25%,26%,24%,23%,24%,27%,23%,27%,25%,25%,24%,,,,,,,,,,,,,,,,,,,,,,
,,,,,,,,,,,,,,,,,,,,,,,,25%,29%,25%,26%,24%,23%,24%,27%,23%,27%,25%,25%,24%,,,,,,,,,,,,,,,,,,,,,,
,,,,,,,,,,,,,,,,,,,,,,,,25%,29%,25%,26%,24%,23%,24%,27%,23%,27%,25%,25%,,,,,,,,,,,,,,,,,,,,,,,
,,,,,,,,,,,,,,,,,,,,,,,,25%,29%,25%,26%,24%,23%,24%,27%,23%,27%,25%,25%,,,,,,,,,,,,,,,,,,,,,,,
,,,,,,,,,,,,,,,,,,,,,,,,25%,29%,25%,26%,24%,24%,24%,27%,23%,27%,25%,25%,,,,,,,,,,,,,,,,,,,,,,,
,,,,,,,,,,,,,,,,,,,,,,,,25%,29%,25%,26%,24%,23%,24%,27%,23%,27%,25%,25%,,,,,,,,,,,,,,,,,,,,,,,
,,,,,,,,,,,,,,,,,,,,,,,,25%,29%,25%,26%,24%,24%,24%,27%,23%,27%,25%,25%,,,,,,,,,,,,,,,,,,,,,,,
,,,,,,,,,,,,,,,,,,,,,,,,25%,28%,25%,26%,24%,24%,24%,27%,23%,27%,25%,25%,,,,,,,,,,,,,,,,,,,,,,,
,,,,,,,,,,,,,,,,,,,,,,,,25%,28%,25%,26%,24%,24%,24%,27%,23%,27%,24%,25%,,,,,,,,,,,,,,,,,,,,,,,
,,,,,,,,,,,,,,,,,,,,,,,,25%,28%,25%,26%,24%,24%,24%,27%,23%,27%,24%,25%,,,,,,,,,,,,,,,,,,,,,,,
,,,,,,,,,,,,,,,,,,,,,,,,25%,28%,25%,26%,24%,24%,24%,27%,23%,27%,24%,25%,,,,,,,,,,,,,,,,,,,,,,,
,,,,,,,,,,,,,,,,,,,,,,,,25%,28%,25%,26%,24%,24%,24%,27%,23%,27%,24%,25%,,,,,,,,,,,,,,,,,,,,,,,
,,,,,,,,,,,,,,,,,,,,,,,,25%,28%,25%,26%,24%,24%,24%,27%,23%,27%,24%,25%,,,,,,,,,,,,,,,,,,,,,,,
,,,,,,,,,,,,,,,,,,,,,,,,25%,28%,25%,26%,24%,24%,24%,27%,24%,27%,24%,25%,,,,,,,,,,,,,,,,,,,,,,,
,,,,,,,,,,,,,,,,,,,,,,,,25%,28%,25%,26%,24%,24%,24%,27%,23%,27%,24%,25%,,,,,,,,,,,,,,,,,,,,,,,
,,,,,,,,,,,,,,,,,,,,,,,,25%,28%,25%,26%,24%,24%,24%,27%,23%,26%,24%,25%,,,,,,,,,,,,,,,,,,,,,,,
,,,,,,,,,,,,,,,,,,,,,,,,25%,28%,25%,26%,24%,24%,24%,27%,24%,26%,24%,25%,,,,,,,,,,,,,,,,,,,,,,,
,,,,,,,,,,,,,,,,,,,,,,,,25%,28%,25%,26%,24%,24%,24%,27%,24%,26%,24%,25%,,,,,,,,,,,,,,,,,,,,,,,
,,,,,,,,,,,,,,,,,,,,,,,,25%,28%,25%,26%,24%,24%,24%,27%,23%,27%,25%,25%,,,,,,,,,,,,,,,,,,,,,,,
,,,,,,,,,,,,,,,,,,,,,,,,25%,28%,25%,26%,24%,24%,24%,27%,23%,27%,25%,25%,,,,,,,,,,,,,,,,,,,,,,,
,,,,,,,,,,,,,,,,,,,,,,,,25%,29%,25%,26%,24%,24%,24%,27%,24%,27%,24%,25%,,,,,,,,,,,,,,,,,,,,,,,
,,,,,,,,,,,,,,,,,,,,,,,,25%,28%,25%,26%,24%,24%,24%,27%,24%,27%,25%,25%,,,,,,,,,,,,,,,,,,,,,,,
,,,,,,,,,,,,,,,,,,,,,,,,25%,29%,25%,26%,24%,24%,24%,27%,23%,27%,25%,25%,,,,,,,,,,,,,,,,,,,,,,,
,,,,,,,,,,,,,,,,,,,,,,,,25%,29%,25%,26%,24%,24%,24%,27%,24%,27%,25%,25%,,,,,,,,,,,,,,,,,,,,,,,
,,,,,,,,,,,,,,,,,,,,,,,,26%,29%,25%,26%,24%,24%,24%,27%,24%,27%,24%,25%,,,,,,,,,,,,,,,,,,,,,,,
,,,,,,,,,,,,,,,,,,,,,,,,25%,29%,25%,26%,24%,24%,24%,27%,24%,27%,24%,25%,,,,,,,,,,,,,,,,,,,,,,,
,,,,,,,,,,,,,,,,,,,,,,,,25%,29%,25%,26%,25%,24%,24%,26%,24%,27%,25%,25%,,,,,,,,,,,,,,,,,,,,,,,
,,,,,,,,,,,,,,,,,,,,,,,,26%,29%,25%,26%,25%,23%,24%,26%,24%,27%,25%,25%,,,,,,,,,,,,,,,,,,,,,,,
,,,,,,,,,,,,,,,,,,,,,,,,26%,28%,25%,26%,24%,23%,24%,27%,24%,27%,25%,25%,,,,,,,,,,,,,,,,,,,,,,,
,,,,,,,,,,,,,,,,,,,,,,,,26%,28%,25%,25%,24%,24%,24%,27%,24%,27%,25%,25%,,,,,,,,,,,,,,,,,,,,,,,
,,,,,,,,,,,,,,,,,,,,,,,,26%,28%,25%,25%,24%,24%,24%,27%,24%,27%,25%,25%,,,,,,,,,,,,,,,,,,,,,,,
,,,,,,,,,,,,,,,,,,,,,,,,26%,28%,25%,25%,24%,23%,24%,27%,23%,27%,25%,25%,,,,,,,,,,,,,,,,,,,,,,,
,,,,,,,,,,,,,,,,,,,,,,,,26%,28%,25%,25%,24%,23%,24%,27%,23%,27%,25%,24%,,,,,,,,,,,,,,,,,,,,,,,
,,,,,,,,,,,,,,,,,,,,,,,,26%,29%,25%,25%,24%,24%,24%,27%,23%,27%,25%,24%,,,,,,,,,,,,,,,,,,,,,,,
,,,,,,,,,,,,,,,,,,,,,,,,26%,29%,25%,25%,24%,24%,24%,27%,24%,27%,25%,24%,,,,,,,,,,,,,,,,,,,,,,,
,,,,,,,,,,,,,,,,,,,,,,,,26%,28%,25%,25%,24%,23%,24%,27%,24%,27%,25%,24%,,,,,,,,,,,,,,,,,,,,,,,
,,,,,,,,,,,,,,,,,,,,,,,,26%,28%,25%,25%,24%,24%,24%,27%,24%,27%,25%,24%,,,,,,,,,,,,,,,,,,,,,,,
,,,,,,,,,,,,,,,,,,,,,,,,26%,28%,25%,25%,24%,24%,24%,27%,24%,27%,25%,24%,,,,,,,,,,,,,,,,,,,,,,,
,,,,,,,,,,,,,,,,,,,,,,,,26%,28%,25%,25%,24%,24%,24%,26%,24%,27%,25%,24%,,,,,,,,,,,,,,,,,,,,,,,
,,,,,,,,,,,,,,,,,,,,,,,,26%,28%,25%,25%,24%,24%,24%,26%,24%,27%,25%,24%,,,,,,,,,,,,,,,,,,,,,,,
,,,,,,,,,,,,,,,,,,,,,,,,26%,29%,25%,25%,24%,24%,24%,26%,24%,27%,25%,24%,,,,,,,,,,,,,,,,,,,,,,,
,,,,,,,,,,,,,,,,,,,,,,,,26%,29%,25%,25%,24%,24%,24%,26%,24%,27%,25%,24%,,,,,,,,,,,,,,,,,,,,,,,
,,,,,,,,,,,,,,,,,,,,,,,,26%,29%,25%,26%,24%,24%,24%,26%,24%,27%,25%,24%,,,,,,,,,,,,,,,,,,,,,,,
,,,,,,,,,,,,,,,,,,,,,,,,26%,29%,25%,26%,25%,24%,24%,27%,24%,27%,25%,24%,,,,,,,,,,,,,,,,,,,,,,,
,,,,,,,,,,,,,,,,,,,,,,,,26%,29%,25%,26%,24%,24%,24%,27%,23%,27%,25%,24%,,,,,,,,,,,,,,,,,,,,,,,
,,,,,,,,,,,,,,,,,,,,,,,,26%,29%,25%,26%,25%,24%,24%,26%,24%,27%,25%,24%,,,,,,,,,,,,,,,,,,,,,,,
,,,,,,,,,,,,,,,,,,,,,,,,26%,28%,25%,26%,25%,24%,24%,26%,24%,27%,25%,,,,,,,,,,,,,,,,,,,,,,,,
,,,,,,,,,,,,,,,,,,,,,,,,26%,29%,25%,26%,25%,24%,24%,27%,24%,27%,25%,,,,,,,,,,,,,,,,,,,,,,,,
,,,,,,,,,,,,,,,,,,,,,,,,26%,29%,25%,26%,24%,24%,24%,27%,23%,27%,25%,,,,,,,,,,,,,,,,,,,,,,,,
,,,,,,,,,,,,,,,,,,,,,,,,26%,28%,25%,26%,24%,24%,24%,27%,23%,27%,25%,,,,,,,,,,,,,,,,,,,,,,,,
,,,,,,,,,,,,,,,,,,,,,,,,26%,28%,25%,26%,25%,24%,24%,27%,24%,27%,25%,,,,,,,,,,,,,,,,,,,,,,,,
,,,,,,,,,,,,,,,,,,,,,,,,26%,28%,25%,26%,25%,24%,24%,27%,24%,27%,25%,,,,,,,,,,,,,,,,,,,,,,,,
,,,,,,,,,,,,,,,,,,,,,,,,26%,28%,25%,26%,25%,24%,24%,27%,23%,27%,25%,,,,,,,,,,,,,,,,,,,,,,,,
,,,,,,,,,,,,,,,,,,,,,,,,26%,28%,25%,26%,25%,24%,24%,27%,23%,26%,25%,,,,,,,,,,,,,,,,,,,,,,,,
,,,,,,,,,,,,,,,,,,,,,,,,26%,28%,25%,26%,25%,24%,24%,27%,23%,26%,25%,,,,,,,,,,,,,,,,,,,,,,,,
,,,,,,,,,,,,,,,,,,,,,,,,26%,28%,26%,26%,25%,24%,24%,27%,23%,27%,25%,,,,,,,,,,,,,,,,,,,,,,,,
,,,,,,,,,,,,,,,,,,,,,,,,26%,28%,26%,26%,25%,24%,24%,26%,23%,26%,25%,,,,,,,,,,,,,,,,,,,,,,,,
,,,,,,,,,,,,,,,,,,,,,,,,26%,28%,25%,26%,25%,24%,24%,26%,23%,26%,25%,,,,,,,,,,,,,,,,,,,,,,,,
,,,,,,,,,,,,,,,,,,,,,,,,26%,28%,25%,26%,25%,24%,24%,26%,23%,27%,25%,,,,,,,,,,,,,,,,,,,,,,,,
,,,,,,,,,,,,,,,,,,,,,,,,26%,28%,25%,26%,25%,24%,24%,26%,23%,27%,25%,,,,,,,,,,,,,,,,,,,,,,,,
,,,,,,,,,,,,,,,,,,,,,,,,26%,28%,25%,26%,25%,24%,24%,26%,23%,27%,25%,,,,,,,,,,,,,,,,,,,,,,,,
,,,,,,,,,,,,,,,,,,,,,,,,26%,28%,25%,26%,25%,24%,24%,26%,23%,27%,25%,,,,,,,,,,,,,,,,,,,,,,,,
,,,,,,,,,,,,,,,,,,,,,,,,26%,28%,25%,26%,25%,24%,24%,27%,23%,27%,25%,,,,,,,,,,,,,,,,,,,,,,,,
,,,,,,,,,,,,,,,,,,,,,,,,26%,28%,25%,26%,25%,24%,24%,27%,23%,27%,25%,,,,,,,,,,,,,,,,,,,,,,,,
,,,,,,,,,,,,,,,,,,,,,,,,26%,28%,25%,26%,25%,24%,24%,26%,23%,27%,25%,,,,,,,,,,,,,,,,,,,,,,,,
,,,,,,,,,,,,,,,,,,,,,,,,26%,28%,25%,26%,25%,24%,24%,26%,23%,27%,25%,,,,,,,,,,,,,,,,,,,,,,,,
,,,,,,,,,,,,,,,,,,,,,,,,26%,28%,25%,26%,25%,24%,24%,26%,23%,27%,25%,,,,,,,,,,,,,,,,,,,,,,,,
,,,,,,,,,,,,,,,,,,,,,,,,26%,28%,25%,26%,25%,24%,24%,26%,23%,27%,25%,,,,,,,,,,,,,,,,,,,,,,,,
,,,,,,,,,,,,,,,,,,,,,,,,26%,28%,25%,25%,25%,24%,24%,26%,23%,27%,25%,,,,,,,,,,,,,,,,,,,,,,,,
,,,,,,,,,,,,,,,,,,,,,,,,26%,28%,25%,26%,25%,24%,24%,26%,23%,27%,25%,,,,,,,,,,,,,,,,,,,,,,,,
,,,,,,,,,,,,,,,,,,,,,,,,26%,28%,25%,26%,25%,24%,24%,26%,23%,27%,25%,,,,,,,,,,,,,,,,,,,,,,,,
,,,,,,,,,,,,,,,,,,,,,,,,,28%,25%,26%,25%,24%,24%,26%,23%,27%,25%,,,,,,,,,,,,,,,,,,,,,,,,
,,,,,,,,,,,,,,,,,,,,,,,,,28%,25%,26%,25%,24%,24%,26%,23%,27%,25%,,,,,,,,,,,,,,,,,,,,,,,,
,,,,,,,,,,,,,,,,,,,,,,,,,28%,25%,26%,25%,24%,24%,26%,23%,27%,25%,,,,,,,,,,,,,,,,,,,,,,,,
,,,,,,,,,,,,,,,,,,,,,,,,,28%,25%,26%,25%,24%,24%,26%,23%,27%,25%,,,,,,,,,,,,,,,,,,,,,,,,
,,,,,,,,,,,,,,,,,,,,,,,,,28%,25%,26%,25%,24%,24%,26%,23%,27%,25%,,,,,,,,,,,,,,,,,,,,,,,,
,,,,,,,,,,,,,,,,,,,,,,,,,29%,25%,26%,25%,24%,24%,26%,23%,27%,25%,,,,,,,,,,,,,,,,,,,,,,,,
,,,,,,,,,,,,,,,,,,,,,,,,,29%,25%,26%,25%,24%,24%,26%,23%,27%,25%,,,,,,,,,,,,,,,,,,,,,,,,
,,,,,,,,,,,,,,,,,,,,,,,,,28%,25%,26%,25%,24%,24%,26%,23%,27%,25%,,,,,,,,,,,,,,,,,,,,,,,,
,,,,,,,,,,,,,,,,,,,,,,,,,29%,25%,26%,25%,24%,24%,26%,23%,27%,25%,,,,,,,,,,,,,,,,,,,,,,,,
,,,,,,,,,,,,,,,,,,,,,,,,,29%,25%,26%,25%,24%,24%,26%,23%,27%,25%,,,,,,,,,,,,,,,,,,,,,,,,
,,,,,,,,,,,,,,,,,,,,,,,,,28%,25%,26%,25%,24%,24%,26%,23%,27%,25%,,,,,,,,,,,,,,,,,,,,,,,,
,,,,,,,,,,,,,,,,,,,,,,,,,28%,25%,26%,25%,24%,24%,26%,23%,27%,25%,,,,,,,,,,,,,,,,,,,,,,,,
,,,,,,,,,,,,,,,,,,,,,,,,,28%,25%,26%,25%,24%,24%,26%,23%,27%,25%,,,,,,,,,,,,,,,,,,,,,,,,
,,,,,,,,,,,,,,,,,,,,,,,,,28%,25%,25%,25%,24%,24%,26%,23%,27%,25%,,,,,,,,,,,,,,,,,,,,,,,,
,,,,,,,,,,,,,,,,,,,,,,,,,28%,25%,25%,25%,24%,24%,26%,23%,27%,25%,,,,,,,,,,,,,,,,,,,,,,,,
,,,,,,,,,,,,,,,,,,,,,,,,,28%,25%,25%,25%,24%,24%,26%,23%,27%,25%,,,,,,,,,,,,,,,,,,,,,,,,
,,,,,,,,,,,,,,,,,,,,,,,,,28%,25%,25%,25%,24%,24%,26%,23%,27%,25%,,,,,,,,,,,,,,,,,,,,,,,,
,,,,,,,,,,,,,,,,,,,,,,,,,28%,25%,25%,25%,24%,24%,26%,23%,27%,25%,,,,,,,,,,,,,,,,,,,,,,,,
,,,,,,,,,,,,,,,,,,,,,,,,,28%,25%,25%,25%,24%,24%,26%,23%,27%,25%,,,,,,,,,,,,,,,,,,,,,,,,
,,,,,,,,,,,,,,,,,,,,,,,,,28%,25%,25%,25%,24%,24%,26%,23%,27%,25%,,,,,,,,,,,,,,,,,,,,,,,,
,,,,,,,,,,,,,,,,,,,,,,,,,28%,25%,25%,25%,24%,25%,26%,23%,27%,25%,,,,,,,,,,,,,,,,,,,,,,,,
,,,,,,,,,,,,,,,,,,,,,,,,,28%,25%,25%,25%,24%,25%,26%,23%,27%,25%,,,,,,,,,,,,,,,,,,,,,,,,
,,,,,,,,,,,,,,,,,,,,,,,,,28%,25%,26%,25%,24%,24%,26%,23%,27%,25%,,,,,,,,,,,,,,,,,,,,,,,,
,,,,,,,,,,,,,,,,,,,,,,,,,28%,25%,26%,25%,24%,24%,26%,23%,27%,25%,,,,,,,,,,,,,,,,,,,,,,,,
,,,,,,,,,,,,,,,,,,,,,,,,,28%,25%,26%,25%,24%,25%,26%,23%,27%,25%,,,,,,,,,,,,,,,,,,,,,,,,
,,,,,,,,,,,,,,,,,,,,,,,,,28%,25%,25%,25%,24%,25%,26%,23%,27%,25%,,,,,,,,,,,,,,,,,,,,,,,,
,,,,,,,,,,,,,,,,,,,,,,,,,28%,25%,25%,25%,24%,24%,26%,23%,27%,25%,,,,,,,,,,,,,,,,,,,,,,,,
,,,,,,,,,,,,,,,,,,,,,,,,,28%,25%,25%,25%,24%,24%,26%,23%,27%,,,,,,,,,,,,,,,,,,,,,,,,,
,,,,,,,,,,,,,,,,,,,,,,,,,28%,25%,25%,25%,24%,24%,26%,23%,27%,,,,,,,,,,,,,,,,,,,,,,,,,
,,,,,,,,,,,,,,,,,,,,,,,,,28%,25%,25%,25%,24%,25%,26%,23%,27%,,,,,,,,,,,,,,,,,,,,,,,,,
,,,,,,,,,,,,,,,,,,,,,,,,,28%,25%,25%,25%,24%,24%,26%,23%,27%,,,,,,,,,,,,,,,,,,,,,,,,,
,,,,,,,,,,,,,,,,,,,,,,,,,28%,25%,25%,25%,24%,24%,26%,23%,27%,,,,,,,,,,,,,,,,,,,,,,,,,
,,,,,,,,,,,,,,,,,,,,,,,,,28%,25%,26%,25%,24%,24%,26%,23%,27%,,,,,,,,,,,,,,,,,,,,,,,,,
,,,,,,,,,,,,,,,,,,,,,,,,,28%,25%,26%,25%,24%,25%,26%,23%,27%,,,,,,,,,,,,,,,,,,,,,,,,,
,,,,,,,,,,,,,,,,,,,,,,,,,28%,26%,26%,25%,24%,24%,26%,23%,27%,,,,,,,,,,,,,,,,,,,,,,,,,
,,,,,,,,,,,,,,,,,,,,,,,,,28%,26%,26%,25%,24%,25%,26%,23%,27%,,,,,,,,,,,,,,,,,,,,,,,,,
,,,,,,,,,,,,,,,,,,,,,,,,,27%,25%,26%,25%,24%,25%,25%,23%,27%,,,,,,,,,,,,,,,,,,,,,,,,,
,,,,,,,,,,,,,,,,,,,,,,,,,27%,25%,26%,25%,24%,25%,26%,23%,27%,,,,,,,,,,,,,,,,,,,,,,,,,
,,,,,,,,,,,,,,,,,,,,,,,,,27%,25%,26%,25%,24%,25%,26%,23%,27%,,,,,,,,,,,,,,,,,,,,,,,,,
,,,,,,,,,,,,,,,,,,,,,,,,,28%,26%,26%,25%,24%,25%,26%,23%,27%,,,,,,,,,,,,,,,,,,,,,,,,,
,,,,,,,,,,,,,,,,,,,,,,,,,27%,25%,26%,25%,24%,25%,25%,23%,27%,,,,,,,,,,,,,,,,,,,,,,,,,
,,,,,,,,,,,,,,,,,,,,,,,,,27%,25%,26%,25%,24%,25%,26%,23%,27%,,,,,,,,,,,,,,,,,,,,,,,,,
,,,,,,,,,,,,,,,,,,,,,,,,,27%,25%,26%,25%,24%,25%,26%,23%,27%,,,,,,,,,,,,,,,,,,,,,,,,,
,,,,,,,,,,,,,,,,,,,,,,,,,27%,25%,26%,25%,24%,24%,26%,23%,27%,,,,,,,,,,,,,,,,,,,,,,,,,
,,,,,,,,,,,,,,,,,,,,,,,,,27%,25%,25%,25%,24%,24%,25%,23%,27%,,,,,,,,,,,,,,,,,,,,,,,,,
,,,,,,,,,,,,,,,,,,,,,,,,,28%,25%,25%,25%,24%,24%,25%,23%,27%,,,,,,,,,,,,,,,,,,,,,,,,,
,,,,,,,,,,,,,,,,,,,,,,,,,28%,25%,26%,25%,24%,24%,25%,23%,27%,,,,,,,,,,,,,,,,,,,,,,,,,
,,,,,,,,,,,,,,,,,,,,,,,,,28%,25%,26%,25%,24%,24%,25%,23%,27%,,,,,,,,,,,,,,,,,,,,,,,,,
,,,,,,,,,,,,,,,,,,,,,,,,,28%,25%,25%,25%,24%,24%,25%,23%,27%,,,,,,,,,,,,,,,,,,,,,,,,,
,,,,,,,,,,,,,,,,,,,,,,,,,28%,25%,26%,25%,24%,24%,25%,23%,27%,,,,,,,,,,,,,,,,,,,,,,,,,
,,,,,,,,,,,,,,,,,,,,,,,,,28%,25%,26%,25%,24%,24%,25%,23%,27%,,,,,,,,,,,,,,,,,,,,,,,,,
,,,,,,,,,,,,,,,,,,,,,,,,,28%,25%,26%,26%,24%,24%,25%,23%,27%,,,,,,,,,,,,,,,,,,,,,,,,,
,,,,,,,,,,,,,,,,,,,,,,,,,28%,25%,25%,25%,24%,24%,25%,23%,27%,,,,,,,,,,,,,,,,,,,,,,,,,
,,,,,,,,,,,,,,,,,,,,,,,,,28%,25%,26%,25%,24%,24%,25%,23%,27%,,,,,,,,,,,,,,,,,,,,,,,,,
,,,,,,,,,,,,,,,,,,,,,,,,,28%,25%,26%,25%,24%,24%,25%,23%,27%,,,,,,,,,,,,,,,,,,,,,,,,,
,,,,,,,,,,,,,,,,,,,,,,,,,28%,25%,26%,25%,24%,24%,25%,23%,27%,,,,,,,,,,,,,,,,,,,,,,,,,
,,,,,,,,,,,,,,,,,,,,,,,,,28%,25%,26%,25%,24%,24%,25%,23%,27%,,,,,,,,,,,,,,,,,,,,,,,,,
,,,,,,,,,,,,,,,,,,,,,,,,,28%,25%,26%,25%,24%,24%,25%,22%,27%,,,,,,,,,,,,,,,,,,,,,,,,,
,,,,,,,,,,,,,,,,,,,,,,,,,28%,25%,26%,25%,24%,24%,25%,23%,27%,,,,,,,,,,,,,,,,,,,,,,,,,
,,,,,,,,,,,,,,,,,,,,,,,,,28%,25%,26%,25%,24%,24%,25%,23%,27%,,,,,,,,,,,,,,,,,,,,,,,,,
,,,,,,,,,,,,,,,,,,,,,,,,,28%,25%,25%,25%,24%,24%,25%,23%,27%,,,,,,,,,,,,,,,,,,,,,,,,,
,,,,,,,,,,,,,,,,,,,,,,,,,28%,25%,26%,25%,24%,24%,25%,23%,27%,,,,,,,,,,,,,,,,,,,,,,,,,
,,,,,,,,,,,,,,,,,,,,,,,,,28%,25%,26%,25%,24%,24%,25%,23%,27%,,,,,,,,,,,,,,,,,,,,,,,,,
,,,,,,,,,,,,,,,,,,,,,,,,,28%,25%,26%,25%,24%,24%,25%,23%,27%,,,,,,,,,,,,,,,,,,,,,,,,,
,,,,,,,,,,,,,,,,,,,,,,,,,28%,25%,25%,25%,24%,24%,25%,23%,27%,,,,,,,,,,,,,,,,,,,,,,,,,
,,,,,,,,,,,,,,,,,,,,,,,,,28%,25%,25%,25%,24%,24%,25%,23%,27%,,,,,,,,,,,,,,,,,,,,,,,,,
,,,,,,,,,,,,,,,,,,,,,,,,,28%,25%,25%,25%,24%,24%,25%,23%,27%,,,,,,,,,,,,,,,,,,,,,,,,,
,,,,,,,,,,,,,,,,,,,,,,,,,28%,25%,25%,25%,24%,24%,25%,23%,27%,,,,,,,,,,,,,,,,,,,,,,,,,
,,,,,,,,,,,,,,,,,,,,,,,,,28%,25%,25%,25%,24%,24%,25%,23%,27%,,,,,,,,,,,,,,,,,,,,,,,,,
,,,,,,,,,,,,,,,,,,,,,,,,,28%,25%,25%,25%,24%,24%,25%,23%,27%,,,,,,,,,,,,,,,,,,,,,,,,,
,,,,,,,,,,,,,,,,,,,,,,,,,28%,25%,25%,25%,24%,24%,25%,23%,27%,,,,,,,,,,,,,,,,,,,,,,,,,
,,,,,,,,,,,,,,,,,,,,,,,,,28%,25%,25%,25%,24%,24%,25%,23%,27%,,,,,,,,,,,,,,,,,,,,,,,,,
,,,,,,,,,,,,,,,,,,,,,,,,,28%,25%,25%,25%,24%,24%,25%,23%,27%,,,,,,,,,,,,,,,,,,,,,,,,,
,,,,,,,,,,,,,,,,,,,,,,,,,28%,25%,25%,25%,24%,24%,25%,23%,27%,,,,,,,,,,,,,,,,,,,,,,,,,
,,,,,,,,,,,,,,,,,,,,,,,,,28%,25%,25%,25%,24%,24%,25%,23%,27%,,,,,,,,,,,,,,,,,,,,,,,,,
,,,,,,,,,,,,,,,,,,,,,,,,,28%,25%,25%,25%,24%,24%,25%,23%,27%,,,,,,,,,,,,,,,,,,,,,,,,,
,,,,,,,,,,,,,,,,,,,,,,,,,28%,25%,25%,25%,24%,24%,25%,23%,27%,,,,,,,,,,,,,,,,,,,,,,,,,
,,,,,,,,,,,,,,,,,,,,,,,,,28%,25%,25%,25%,24%,24%,25%,23%,27%,,,,,,,,,,,,,,,,,,,,,,,,,
,,,,,,,,,,,,,,,,,,,,,,,,,28%,25%,25%,25%,24%,24%,25%,23%,27%,,,,,,,,,,,,,,,,,,,,,,,,,
,,,,,,,,,,,,,,,,,,,,,,,,,28%,25%,25%,25%,24%,24%,25%,23%,27%,,,,,,,,,,,,,,,,,,,,,,,,,
,,,,,,,,,,,,,,,,,,,,,,,,,28%,25%,25%,25%,24%,24%,25%,23%,27%,,,,,,,,,,,,,,,,,,,,,,,,,
,,,,,,,,,,,,,,,,,,,,,,,,,28%,25%,25%,25%,24%,24%,25%,23%,27%,,,,,,,,,,,,,,,,,,,,,,,,,
,,,,,,,,,,,,,,,,,,,,,,,,,28%,25%,25%,25%,24%,24%,25%,23%,27%,,,,,,,,,,,,,,,,,,,,,,,,,
,,,,,,,,,,,,,,,,,,,,,,,,,28%,25%,25%,25%,24%,24%,25%,23%,27%,,,,,,,,,,,,,,,,,,,,,,,,,
,,,,,,,,,,,,,,,,,,,,,,,,,28%,,25%,25%,24%,24%,25%,23%,27%,,,,,,,,,,,,,,,,,,,,,,,,,
,,,,,,,,,,,,,,,,,,,,,,,,,28%,,25%,25%,24%,24%,25%,23%,27%,,,,,,,,,,,,,,,,,,,,,,,,,
,,,,,,,,,,,,,,,,,,,,,,,,,28%,,25%,25%,24%,24%,25%,23%,27%,,,,,,,,,,,,,,,,,,,,,,,,,
,,,,,,,,,,,,,,,,,,,,,,,,,28%,,25%,25%,24%,24%,25%,23%,27%,,,,,,,,,,,,,,,,,,,,,,,,,
,,,,,,,,,,,,,,,,,,,,,,,,,28%,,25%,25%,24%,24%,25%,,27%,,,,,,,,,,,,,,,,,,,,,,,,,
,,,,,,,,,,,,,,,,,,,,,,,,,28%,,25%,25%,24%,24%,25%,,27%,,,,,,,,,,,,,,,,,,,,,,,,,
,,,,,,,,,,,,,,,,,,,,,,,,,28%,,25%,25%,24%,24%,25%,,27%,,,,,,,,,,,,,,,,,,,,,,,,,
,,,,,,,,,,,,,,,,,,,,,,,,,28%,,25%,25%,24%,24%,25%,,27%,,,,,,,,,,,,,,,,,,,,,,,,,
,,,,,,,,,,,,,,,,,,,,,,,,,28%,,25%,25%,24%,24%,25%,,27%,,,,,,,,,,,,,,,,,,,,,,,,,
,,,,,,,,,,,,,,,,,,,,,,,,,28%,,25%,25%,24%,24%,25%,,27%,,,,,,,,,,,,,,,,,,,,,,,,,
,,,,,,,,,,,,,,,,,,,,,,,,,28%,,25%,25%,24%,24%,25%,,27%,,,,,,,,,,,,,,,,,,,,,,,,,
,,,,,,,,,,,,,,,,,,,,,,,,,28%,,25%,25%,24%,24%,,,27%,,,,,,,,,,,,,,,,,,,,,,,,,
,,,,,,,,,,,,,,,,,,,,,,,,,28%,,25%,25%,24%,24%,,,27%,,,,,,,,,,,,,,,,,,,,,,,,,
,,,,,,,,,,,,,,,,,,,,,,,,,28%,,25%,25%,24%,24%,,,27%,,,,,,,,,,,,,,,,,,,,,,,,,
,,,,,,,,,,,,,,,,,,,,,,,,,28%,,25%,25%,24%,24%,,,27%,,,,,,,,,,,,,,,,,,,,,,,,,
,,,,,,,,,,,,,,,,,,,,,,,,,28%,,25%,25%,24%,24%,,,27%,,,,,,,,,,,,,,,,,,,,,,,,,
,,,,,,,,,,,,,,,,,,,,,,,,,28%,,25%,25%,24%,24%,,,27%,,,,,,,,,,,,,,,,,,,,,,,,,
,,,,,,,,,,,,,,,,,,,,,,,,,28%,,25%,25%,24%,24%,,,27%,,,,,,,,,,,,,,,,,,,,,,,,,
,,,,,,,,,,,,,,,,,,,,,,,,,28%,,25%,25%,24%,24%,,,27%,,,,,,,,,,,,,,,,,,,,,,,,,
,,,,,,,,,,,,,,,,,,,,,,,,,28%,,25%,25%,24%,24%,,,27%,,,,,,,,,,,,,,,,,,,,,,,,,
,,,,,,,,,,,,,,,,,,,,,,,,,28%,,25%,25%,24%,24%,,,,,,,,,,,,,,,,,,,,,,,,,,,,
,,,,,,,,,,,,,,,,,,,,,,,,,,,25%,25%,24%,24%,,,,,,,,,,,,,,,,,,,,,,,,,,,,
,,,,,,,,,,,,,,,,,,,,,,,,,,,25%,25%,24%,24%,,,,,,,,,,,,,,,,,,,,,,,,,,,,
,,,,,,,,,,,,,,,,,,,,,,,,,,,25%,25%,24%,24%,,,,,,,,,,,,,,,,,,,,,,,,,,,,
,,,,,,,,,,,,,,,,,,,,,,,,,,,25%,25%,24%,24%,,,,,,,,,,,,,,,,,,,,,,,,,,,,
,,,,,,,,,,,,,,,,,,,,,,,,,,,25%,25%,24%,24%,,,,,,,,,,,,,,,,,,,,,,,,,,,,
,,,,,,,,,,,,,,,,,,,,,,,,,,,25%,25%,24%,24%,,,,,,,,,,,,,,,,,,,,,,,,,,,,
,,,,,,,,,,,,,,,,,,,,,,,,,,,25%,25%,24%,24%,,,,,,,,,,,,,,,,,,,,,,,,,,,,
,,,,,,,,,,,,,,,,,,,,,,,,,,,25%,25%,24%,24%,,,,,,,,,,,,,,,,,,,,,,,,,,,,
,,,,,,,,,,,,,,,,,,,,,,,,,,,25%,25%,24%,24%,,,,,,,,,,,,,,,,,,,,,,,,,,,,
,,,,,,,,,,,,,,,,,,,,,,,,,,,25%,25%,24%,24%,,,,,,,,,,,,,,,,,,,,,,,,,,,,
,,,,,,,,,,,,,,,,,,,,,,,,,,,25%,25%,24%,24%,,,,,,,,,,,,,,,,,,,,,,,,,,,,
,,,,,,,,,,,,,,,,,,,,,,,,,,,25%,25%,24%,24%,,,,,,,,,,,,,,,,,,,,,,,,,,,,
,,,,,,,,,,,,,,,,,,,,,,,,,,,25%,25%,24%,24%,,,,,,,,,,,,,,,,,,,,,,,,,,,,
,,,,,,,,,,,,,,,,,,,,,,,,,,,25%,25%,24%,24%,,,,,,,,,,,,,,,,,,,,,,,,,,,,
,,,,,,,,,,,,,,,,,,,,,,,,,,,25%,25%,24%,24%,,,,,,,,,,,,,,,,,,,,,,,,,,,,
,,,,,,,,,,,,,,,,,,,,,,,,,,,25%,25%,24%,24%,,,,,,,,,,,,,,,,,,,,,,,,,,,,
,,,,,,,,,,,,,,,,,,,,,,,,,,,25%,25%,24%,24%,,,,,,,,,,,,,,,,,,,,,,,,,,,,
,,,,,,,,,,,,,,,,,,,,,,,,,,,25%,25%,24%,24%,,,,,,,,,,,,,,,,,,,,,,,,,,,,
,,,,,,,,,,,,,,,,,,,,,,,,,,,25%,25%,24%,24%,,,,,,,,,,,,,,,,,,,,,,,,,,,,
,,,,,,,,,,,,,,,,,,,,,,,,,,,25%,25%,24%,24%,,,,,,,,,,,,,,,,,,,,,,,,,,,,
,,,,,,,,,,,,,,,,,,,,,,,,,,,25%,25%,24%,24%,,,,,,,,,,,,,,,,,,,,,,,,,,,,
,,,,,,,,,,,,,,,,,,,,,,,,,,,25%,25%,24%,24%,,,,,,,,,,,,,,,,,,,,,,,,,,,,
,,,,,,,,,,,,,,,,,,,,,,,,,,,25%,25%,24%,24%,,,,,,,,,,,,,,,,,,,,,,,,,,,,
,,,,,,,,,,,,,,,,,,,,,,,,,,,25%,25%,24%,24%,,,,,,,,,,,,,,,,,,,,,,,,,,,,
,,,,,,,,,,,,,,,,,,,,,,,,,,,25%,25%,24%,24%,,,,,,,,,,,,,,,,,,,,,,,,,,,,
,,,,,,,,,,,,,,,,,,,,,,,,,,,25%,25%,24%,24%,,,,,,,,,,,,,,,,,,,,,,,,,,,,
,,,,,,,,,,,,,,,,,,,,,,,,,,,25%,25%,24%,24%,,,,,,,,,,,,,,,,,,,,,,,,,,,,
,,,,,,,,,,,,,,,,,,,,,,,,,,,,25%,24%,24%,,,,,,,,,,,,,,,,,,,,,,,,,,,,
,,,,,,,,,,,,,,,,,,,,,,,,,,,,25%,24%,24%,,,,,,,,,,,,,,,,,,,,,,,,,,,,
,,,,,,,,,,,,,,,,,,,,,,,,,,,,25%,24%,24%,,,,,,,,,,,,,,,,,,,,,,,,,,,,
,,,,,,,,,,,,,,,,,,,,,,,,,,,,25%,24%,24%,,,,,,,,,,,,,,,,,,,,,,,,,,,,
,,,,,,,,,,,,,,,,,,,,,,,,,,,,25%,24%,24%,,,,,,,,,,,,,,,,,,,,,,,,,,,,
,,,,,,,,,,,,,,,,,,,,,,,,,,,,25%,24%,24%,,,,,,,,,,,,,,,,,,,,,,,,,,,,
,,,,,,,,,,,,,,,,,,,,,,,,,,,,25%,24%,24%,,,,,,,,,,,,,,,,,,,,,,,,,,,,
,,,,,,,,,,,,,,,,,,,,,,,,,,,,25%,24%,24%,,,,,,,,,,,,,,,,,,,,,,,,,,,,
,,,,,,,,,,,,,,,,,,,,,,,,,,,,25%,24%,24%,,,,,,,,,,,,,,,,,,,,,,,,,,,,
,,,,,,,,,,,,,,,,,,,,,,,,,,,,25%,24%,24%,,,,,,,,,,,,,,,,,,,,,,,,,,,,
,,,,,,,,,,,,,,,,,,,,,,,,,,,,25%,24%,,,,,,,,,,,,,,,,,,,,,,,,,,,,,
,,,,,,,,,,,,,,,,,,,,,,,,,,,,25%,23%,,,,,,,,,,,,,,,,,,,,,,,,,,,,,
,,,,,,,,,,,,,,,,,,,,,,,,,,,,25%,23%,,,,,,,,,,,,,,,,,,,,,,,,,,,,,
,,,,,,,,,,,,,,,,,,,,,,,,,,,,25%,23%,,,,,,,,,,,,,,,,,,,,,,,,,,,,,
,,,,,,,,,,,,,,,,,,,,,,,,,,,,25%,24%,,,,,,,,,,,,,,,,,,,,,,,,,,,,,
,,,,,,,,,,,,,,,,,,,,,,,,,,,,25%,23%,,,,,,,,,,,,,,,,,,,,,,,,,,,,,
,,,,,,,,,,,,,,,,,,,,,,,,,,,,25%,23%,,,,,,,,,,,,,,,,,,,,,,,,,,,,,
,,,,,,,,,,,,,,,,,,,,,,,,,,,,25%,23%,,,,,,,,,,,,,,,,,,,,,,,,,,,,,
,,,,,,,,,,,,,,,,,,,,,,,,,,,,25%,23%,,,,,,,,,,,,,,,,,,,,,,,,,,,,,
,,,,,,,,,,,,,,,,,,,,,,,,,,,,25%,23%,,,,,,,,,,,,,,,,,,,,,,,,,,,,,
,,,,,,,,,,,,,,,,,,,,,,,,,,,,25%,23%,,,,,,,,,,,,,,,,,,,,,,,,,,,,,
,,,,,,,,,,,,,,,,,,,,,,,,,,,,25%,24%,,,,,,,,,,,,,,,,,,,,,,,,,,,,,
,,,,,,,,,,,,,,,,,,,,,,,,,,,,25%,24%,,,,,,,,,,,,,,,,,,,,,,,,,,,,,
,,,,,,,,,,,,,,,,,,,,,,,,,,,,25%,24%,,,,,,,,,,,,,,,,,,,,,,,,,,,,,
,,,,,,,,,,,,,,,,,,,,,,,,,,,,25%,24%,,,,,,,,,,,,,,,,,,,,,,,,,,,,,
,,,,,,,,,,,,,,,,,,,,,,,,,,,,25%,24%,,,,,,,,,,,,,,,,,,,,,,,,,,,,,
,,,,,,,,,,,,,,,,,,,,,,,,,,,,25%,24%,,,,,,,,,,,,,,,,,,,,,,,,,,,,,
,,,,,,,,,,,,,,,,,,,,,,,,,,,,25%,24%,,,,,,,,,,,,,,,,,,,,,,,,,,,,,
,,,,,,,,,,,,,,,,,,,,,,,,,,,,25%,23%,,,,,,,,,,,,,,,,,,,,,,,,,,,,,
,,,,,,,,,,,,,,,,,,,,,,,,,,,,25%,23%,,,,,,,,,,,,,,,,,,,,,,,,,,,,,
,,,,,,,,,,,,,,,,,,,,,,,,,,,,25%,24%,,,,,,,,,,,,,,,,,,,,,,,,,,,,,
,,,,,,,,,,,,,,,,,,,,,,,,,,,,25%,24%,,,,,,,,,,,,,,,,,,,,,,,,,,,,,
,,,,,,,,,,,,,,,,,,,,,,,,,,,,25%,24%,,,,,,,,,,,,,,,,,,,,,,,,,,,,,
,,,,,,,,,,,,,,,,,,,,,,,,,,,,25%,24%,,,,,,,,,,,,,,,,,,,,,,,,,,,,,
,,,,,,,,,,,,,,,,,,,,,,,,,,,,25%,24%,,,,,,,,,,,,,,,,,,,,,,,,,,,,,
,,,,,,,,,,,,,,,,,,,,,,,,,,,,25%,24%,,,,,,,,,,,,,,,,,,,,,,,,,,,,,
,,,,,,,,,,,,,,,,,,,,,,,,,,,,25%,24%,,,,,,,,,,,,,,,,,,,,,,,,,,,,,
,,,,,,,,,,,,,,,,,,,,,,,,,,,,25%,24%,,,,,,,,,,,,,,,,,,,,,,,,,,,,,
,,,,,,,,,,,,,,,,,,,,,,,,,,,,25%,24%,,,,,,,,,,,,,,,,,,,,,,,,,,,,,
,,,,,,,,,,,,,,,,,,,,,,,,,,,,25%,24%,,,,,,,,,,,,,,,,,,,,,,,,,,,,,
,,,,,,,,,,,,,,,,,,,,,,,,,,,,25%,24%,,,,,,,,,,,,,,,,,,,,,,,,,,,,,
,,,,,,,,,,,,,,,,,,,,,,,,,,,,25%,24%,,,,,,,,,,,,,,,,,,,,,,,,,,,,,
,,,,,,,,,,,,,,,,,,,,,,,,,,,,25%,24%,,,,,,,,,,,,,,,,,,,,,,,,,,,,,
,,,,,,,,,,,,,,,,,,,,,,,,,,,,25%,24%,,,,,,,,,,,,,,,,,,,,,,,,,,,,,
,,,,,,,,,,,,,,,,,,,,,,,,,,,,25%,24%,,,,,,,,,,,,,,,,,,,,,,,,,,,,,
,,,,,,,,,,,,,,,,,,,,,,,,,,,,25%,24%,,,,,,,,,,,,,,,,,,,,,,,,,,,,,
,,,,,,,,,,,,,,,,,,,,,,,,,,,,25%,24%,,,,,,,,,,,,,,,,,,,,,,,,,,,,,
,,,,,,,,,,,,,,,,,,,,,,,,,,,,25%,24%,,,,,,,,,,,,,,,,,,,,,,,,,,,,,
,,,,,,,,,,,,,,,,,,,,,,,,,,,,25%,24%,,,,,,,,,,,,,,,,,,,,,,,,,,,,,
,,,,,,,,,,,,,,,,,,,,,,,,,,,,26%,24%,,,,,,,,,,,,,,,,,,,,,,,,,,,,,
,,,,,,,,,,,,,,,,,,,,,,,,,,,,25%,24%,,,,,,,,,,,,,,,,,,,,,,,,,,,,,
,,,,,,,,,,,,,,,,,,,,,,,,,,,,26%,24%,,,,,,,,,,,,,,,,,,,,,,,,,,,,,
,,,,,,,,,,,,,,,,,,,,,,,,,,,,26%,24%,,,,,,,,,,,,,,,,,,,,,,,,,,,,,
,,,,,,,,,,,,,,,,,,,,,,,,,,,,26%,24%,,,,,,,,,,,,,,,,,,,,,,,,,,,,,
,,,,,,,,,,,,,,,,,,,,,,,,,,,,26%,24%,,,,,,,,,,,,,,,,,,,,,,,,,,,,,
,,,,,,,,,,,,,,,,,,,,,,,,,,,,26%,24%,,,,,,,,,,,,,,,,,,,,,,,,,,,,,
,,,,,,,,,,,,,,,,,,,,,,,,,,,,26%,24%,,,,,,,,,,,,,,,,,,,,,,,,,,,,,
,,,,,,,,,,,,,,,,,,,,,,,,,,,,25%,24%,,,,,,,,,,,,,,,,,,,,,,,,,,,,,
,,,,,,,,,,,,,,,,,,,,,,,,,,,,25%,24%,,,,,,,,,,,,,,,,,,,,,,,,,,,,,
,,,,,,,,,,,,,,,,,,,,,,,,,,,,25%,24%,,,,,,,,,,,,,,,,,,,,,,,,,,,,,
,,,,,,,,,,,,,,,,,,,,,,,,,,,,25%,24%,,,,,,,,,,,,,,,,,,,,,,,,,,,,,
,,,,,,,,,,,,,,,,,,,,,,,,,,,,25%,24%,,,,,,,,,,,,,,,,,,,,,,,,,,,,,
,,,,,,,,,,,,,,,,,,,,,,,,,,,,25%,24%,,,,,,,,,,,,,,,,,,,,,,,,,,,,,
,,,,,,,,,,,,,,,,,,,,,,,,,,,,25%,24%,,,,,,,,,,,,,,,,,,,,,,,,,,,,,
,,,,,,,,,,,,,,,,,,,,,,,,,,,,25%,24%,,,,,,,,,,,,,,,,,,,,,,,,,,,,,
,,,,,,,,,,,,,,,,,,,,,,,,,,,,25%,24%,,,,,,,,,,,,,,,,,,,,,,,,,,,,,
,,,,,,,,,,,,,,,,,,,,,,,,,,,,25%,24%,,,,,,,,,,,,,,,,,,,,,,,,,,,,,
,,,,,,,,,,,,,,,,,,,,,,,,,,,,25%,24%,,,,,,,,,,,,,,,,,,,,,,,,,,,,,
,,,,,,,,,,,,,,,,,,,,,,,,,,,,25%,24%,,,,,,,,,,,,,,,,,,,,,,,,,,,,,
,,,,,,,,,,,,,,,,,,,,,,,,,,,,25%,24%,,,,,,,,,,,,,,,,,,,,,,,,,,,,,
,,,,,,,,,,,,,,,,,,,,,,,,,,,,25%,24%,,,,,,,,,,,,,,,,,,,,,,,,,,,,,
,,,,,,,,,,,,,,,,,,,,,,,,,,,,26%,24%,,,,,,,,,,,,,,,,,,,,,,,,,,,,,
,,,,,,,,,,,,,,,,,,,,,,,,,,,,26%,24%,,,,,,,,,,,,,,,,,,,,,,,,,,,,,
,,,,,,,,,,,,,,,,,,,,,,,,,,,,25%,24%,,,,,,,,,,,,,,,,,,,,,,,,,,,,,
,,,,,,,,,,,,,,,,,,,,,,,,,,,,25%,24%,,,,,,,,,,,,,,,,,,,,,,,,,,,,,
,,,,,,,,,,,,,,,,,,,,,,,,,,,,25%,,,,,,,,,,,,,,,,,,,,,,,,,,,,,,
,,,,,,,,,,,,,,,,,,,,,,,,,,,,25%,,,,,,,,,,,,,,,,,,,,,,,,,,,,,,
,,,,,,,,,,,,,,,,,,,,,,,,,,,,25%,,,,,,,,,,,,,,,,,,,,,,,,,,,,,,
,,,,,,,,,,,,,,,,,,,,,,,,,,,,25%,,,,,,,,,,,,,,,,,,,,,,,,,,,,,,
,,,,,,,,,,,,,,,,,,,,,,,,,,,,25%,,,,,,,,,,,,,,,,,,,,,,,,,,,,,,
,,,,,,,,,,,,,,,,,,,,,,,,,,,,25%,,,,,,,,,,,,,,,,,,,,,,,,,,,,,,
,,,,,,,,,,,,,,,,,,,,,,,,,,,,25%,,,,,,,,,,,,,,,,,,,,,,,,,,,,,,
,,,,,,,,,,,,,,,,,,,,,,,,,,,,25%,,,,,,,,,,,,,,,,,,,,,,,,,,,,,,
